-- Insertion dans UTILISATEUR

INSERT INTO utilisateur ("id_user", "nom", "prenom", "login", "adresse", "email", "motdepasse", "date_naiss", "date_inscript") VALUES (1, 'Strathe', 'Rhea', 'Rstrathe14', '9622 Northview Junction', 'rstrathe0@xinhuanet.com', 'BLSw2B88', TO_DATE('1973-11-13', 'YYYY-MM-DD'), TO_DATE('2022-07-29', 'YYYY-MM-DD'));
INSERT INTO utilisateur ("id_user", "nom", "prenom", "login", "adresse", "email", "motdepasse", "date_naiss", "date_inscript") VALUES (2, 'Minnock', 'Clementina', 'Cminnock48', '73 Melby Lane', 'cminnock1@trellian.com', 'g5983e8k', TO_DATE('1982-11-20', 'YYYY-MM-DD'), TO_DATE('2022-07-28', 'YYYY-MM-DD'));
INSERT INTO utilisateur ("id_user", "nom", "prenom", "login", "adresse", "email", "motdepasse", "date_naiss", "date_inscript") VALUES (3, 'Braddon', 'Burr', 'Bbraddon49', '882 New Castle Trail', 'bbraddon2@feedburner.com', '1XF2909x', TO_DATE('2009-02-24', 'YYYY-MM-DD'), TO_DATE('2022-09-21', 'YYYY-MM-DD'));
INSERT INTO utilisateur ("id_user", "nom", "prenom", "login", "adresse", "email", "motdepasse", "date_naiss", "date_inscript") VALUES (4, 'Clara', 'Mikkel', 'Mclara22', '2 Hermina Junction', 'mclara3@latimes.com', 'k9zwfjHI', TO_DATE('1966-12-24', 'YYYY-MM-DD'), TO_DATE('2022-10-21', 'YYYY-MM-DD'));
INSERT INTO utilisateur ("id_user", "nom", "prenom", "login", "adresse", "email", "motdepasse", "date_naiss", "date_inscript") VALUES (5, 'Gedney', 'Richmond', 'Rgedney79', '7138 Emmet Park', 'rgedney4@omniture.com', '0S05WpfO', TO_DATE('1957-10-19', 'YYYY-MM-DD'), TO_DATE('2022-07-15', 'YYYY-MM-DD'));
INSERT INTO utilisateur ("id_user", "nom", "prenom", "login", "adresse", "email", "motdepasse", "date_naiss", "date_inscript") VALUES (6, 'Yurenev', 'Caspar', 'Cyurenev16', '65300 Cambridge Crossing', 'cyurenev5@ucsd.edu', 'l3h882O0', TO_DATE('1970-10-19', 'YYYY-MM-DD'), TO_DATE('2022-09-22', 'YYYY-MM-DD'));
INSERT INTO utilisateur ("id_user", "nom", "prenom", "login", "adresse", "email", "motdepasse", "date_naiss", "date_inscript") VALUES (7, 'Mattiazzi', 'Archibaldo', 'Amattiaz99', '2279 Dottie Street', 'amattiazzi6@tinypic.com', 'M39XXWD1', TO_DATE('1996-03-19', 'YYYY-MM-DD'), TO_DATE('2022-06-28', 'YYYY-MM-DD'));
INSERT INTO utilisateur ("id_user", "nom", "prenom", "login", "adresse", "email", "motdepasse", "date_naiss", "date_inscript") VALUES (8, 'Torrent', 'Arabel', 'Atorrent70', '618 West Terrace', 'atorrent7@quantcast.com', 'c8rT9PKu', TO_DATE('1985-06-26', 'YYYY-MM-DD'), TO_DATE('2022-10-19', 'YYYY-MM-DD'));
INSERT INTO utilisateur ("id_user", "nom", "prenom", "login", "adresse", "email", "motdepasse", "date_naiss", "date_inscript") VALUES (9, 'Titchmarsh', 'Elysha', 'Etitchma84', '641 Gina Parkway', 'etitchmarsh8@ovh.net', '96yj289d', TO_DATE('1989-10-01', 'YYYY-MM-DD'), TO_DATE('2022-08-16', 'YYYY-MM-DD'));
INSERT INTO utilisateur ("id_user", "nom", "prenom", "login", "adresse", "email", "motdepasse", "date_naiss", "date_inscript") VALUES (10, 'Polak', 'Levin', 'Lpolak98', '7657 Artisan Trail', 'lpolak9@intel.com', '1D2en0dC', TO_DATE('1957-01-14', 'YYYY-MM-DD'), TO_DATE('2022-06-30', 'YYYY-MM-DD'));
INSERT INTO utilisateur ("id_user", "nom", "prenom", "login", "adresse", "email", "motdepasse", "date_naiss", "date_inscript") VALUES (11, 'Pfleger', 'Leontine', 'Lpfleger28', '9979 Killdeer Avenue', 'lpflegera@slate.com', '4s606zK4', TO_DATE('1996-12-30', 'YYYY-MM-DD'), TO_DATE('2022-08-04', 'YYYY-MM-DD'));
INSERT INTO utilisateur ("id_user", "nom", "prenom", "login", "adresse", "email", "motdepasse", "date_naiss", "date_inscript") VALUES (12, 'Wasselin', 'Olive', 'Owasseli67', '11417 Maple Wood Street', 'owasselinb@hugedomains.com', 'joR4607J', TO_DATE('1960-05-14', 'YYYY-MM-DD'), TO_DATE('2022-07-04', 'YYYY-MM-DD'));
INSERT INTO utilisateur ("id_user", "nom", "prenom", "login", "adresse", "email", "motdepasse", "date_naiss", "date_inscript") VALUES (13, 'Cox', 'Bobbie', 'Bcox56', '76550 Bunting Parkway', 'bcoxc@google.pl', '969iJyk2', TO_DATE('1962-06-25', 'YYYY-MM-DD'), TO_DATE('2022-09-07', 'YYYY-MM-DD'));
INSERT INTO utilisateur ("id_user", "nom", "prenom", "login", "adresse", "email", "motdepasse", "date_naiss", "date_inscript") VALUES (14, 'O''Hearn', 'Milka', 'Mo''hearn56', '244 Swallow Center', 'mohearnd@hao123.com', 'LOFJ8Bxh', TO_DATE('2000-04-04', 'YYYY-MM-DD'), TO_DATE('2022-09-06', 'YYYY-MM-DD'));
INSERT INTO utilisateur ("id_user", "nom", "prenom", "login", "adresse", "email", "motdepasse", "date_naiss", "date_inscript") VALUES (15, 'Garratty', 'Bancroft', 'Bgarratt95', '7249 Swallow Trail', 'bgarrattye@exblog.jp', 'y680y88z', TO_DATE('2007-01-26', 'YYYY-MM-DD'), TO_DATE('2022-08-01', 'YYYY-MM-DD'));

-- Insertion dans OBJET

INSERT INTO objet ("id_objet", "nom_objet", "description_objet", "categorie_obj") VALUES (1, 'Les Formidables (Gang-jeok)', 'Praesent lectus. Vestibulum quam sapien, varius ut, blandit non, interdum in, ante. Vestibulum ante ipsum primis in faucibus orci luctus et ultrices posuere cubilia Curae; Duis faucibus accumsan odio.', 'Films');
INSERT INTO objet ("id_objet", "nom_objet", "description_objet", "categorie_obj") VALUES (2, 'In the Edges: The ''Grizzly Man'' Session ', 'Cras in purus eu magna vulputate luctus. Cum sociis natoque penatibus et magnis dis parturient montes, nascetur ridiculus mus. Vivamus vestibulum sagittis sapien.', 'Films');
INSERT INTO objet ("id_objet", "nom_objet", "description_objet", "categorie_obj") VALUES (3, 'If You Could See What I Hear', 'Vivamus tortor.', 'Jeux Vidéo');
INSERT INTO objet ("id_objet", "nom_objet", "description_objet", "categorie_obj") VALUES (4, 'People, Places, Things', 'Suspendisse potenti.', 'Livres');
INSERT INTO objet ("id_objet", "nom_objet", "description_objet", "categorie_obj") VALUES (5, 'Cosi', 'Nulla suscipit ligula in lacus.', 'Jeux Vidéo');
INSERT INTO objet ("id_objet", "nom_objet", "description_objet", "categorie_obj") VALUES (6, 'One Direction: This Is Us', 'Cum sociis natoque penatibus et magnis dis parturient montes, nascetur ridiculus mus. Vivamus vestibulum sagittis sapien.', 'Jeux Vidéo');
INSERT INTO objet ("id_objet", "nom_objet", "description_objet", "categorie_obj") VALUES (7, 'V/H/S/2', 'Morbi odio odio, elementum eu, interdum eu, tincidunt in, leo. Maecenas pulvinar lobortis est. Phasellus sit amet erat.', 'Jeux Vidéo');
INSERT INTO objet ("id_objet", "nom_objet", "description_objet", "categorie_obj") VALUES (8, 'French Twist (Gazon maudit)', 'Mauris sit amet eros. Suspendisse accumsan tortor quis turpis. Sed ante.', 'Jeux Vidéo');
INSERT INTO objet ("id_objet", "nom_objet", "description_objet", "categorie_obj") VALUES (9, 'Bird of the Air, A (Loop, The)', 'Nulla mollis molestie lorem.', 'Films');
INSERT INTO objet ("id_objet", "nom_objet", "description_objet", "categorie_obj") VALUES (10, 'Mrs. Winterbourne', 'Nullam sit amet turpis elementum ligula vehicula consequat. Morbi a ipsum. Integer a nibh.', 'Jeux Vidéo');
INSERT INTO objet ("id_objet", "nom_objet", "description_objet", "categorie_obj") VALUES (11, 'Hitchcock', 'Quisque ut erat. Curabitur gravida nisi at nibh. In hac habitasse platea dictumst.', 'Livres');
INSERT INTO objet ("id_objet", "nom_objet", "description_objet", "categorie_obj") VALUES (12, 'Walk Among the Tombstones, A', 'Morbi a ipsum. Integer a nibh.', 'Livres');
INSERT INTO objet ("id_objet", "nom_objet", "description_objet", "categorie_obj") VALUES (13, 'Liquid Sky', 'In eleifend quam a odio. In hac habitasse platea dictumst. Maecenas ut massa quis augue luctus tincidunt.', 'Films');
INSERT INTO objet ("id_objet", "nom_objet", "description_objet", "categorie_obj") VALUES (14, 'Barnyard: The Original Party Animals', 'Donec vitae nisi.', 'Jeux Vidéo');
INSERT INTO objet ("id_objet", "nom_objet", "description_objet", "categorie_obj") VALUES (15, 'Miracle Run', 'Nulla ut erat id mauris vulputate elementum.', 'Livres');
INSERT INTO objet ("id_objet", "nom_objet", "description_objet", "categorie_obj") VALUES (16, 'Sea Hawk, The', 'Proin eu mi.', 'Jeux Vidéo');
INSERT INTO objet ("id_objet", "nom_objet", "description_objet", "categorie_obj") VALUES (17, 'Scarecrows', 'Donec quis orci eget orci vehicula condimentum. Curabitur in libero ut massa volutpat convallis. Morbi odio odio, elementum eu, interdum eu, tincidunt in, leo.', 'Films');
INSERT INTO objet ("id_objet", "nom_objet", "description_objet", "categorie_obj") VALUES (18, 'Loving Father, A (Aime ton père)', 'Vestibulum rutrum rutrum neque. Aenean auctor gravida sem.', 'Films');
INSERT INTO objet ("id_objet", "nom_objet", "description_objet", "categorie_obj") VALUES (19, 'Open Your Eyes (Abre los ojos)', 'Aenean auctor gravida sem. Praesent id massa id nisl venenatis lacinia.', 'Jeux Vidéo');
INSERT INTO objet ("id_objet", "nom_objet", "description_objet", "categorie_obj") VALUES (20, 'Sunday Day in Hell, A (En forårsdag i Helvede)', 'Praesent lectus. Vestibulum quam sapien, varius ut, blandit non, interdum in, ante.', 'Livres');
INSERT INTO objet ("id_objet", "nom_objet", "description_objet", "categorie_obj") VALUES (21, 'On the Beach', 'Quisque arcu libero, rutrum ac, lobortis vel, dapibus at, diam. Nam tristique tortor eu pede.', 'Films');
INSERT INTO objet ("id_objet", "nom_objet", "description_objet", "categorie_obj") VALUES (22, 'Voyeur (Abel)', 'Nam nulla. Integer pede justo, lacinia eget, tincidunt eget, tempus vel, pede. Morbi porttitor lorem id ligula.', 'Livres');
INSERT INTO objet ("id_objet", "nom_objet", "description_objet", "categorie_obj") VALUES (23, 'Exit to Eden', 'Cras in purus eu magna vulputate luctus. Cum sociis natoque penatibus et magnis dis parturient montes, nascetur ridiculus mus.', 'Jeux Vidéo');
INSERT INTO objet ("id_objet", "nom_objet", "description_objet", "categorie_obj") VALUES (24, 'All Superheros Must Die', 'Praesent blandit lacinia erat. Vestibulum sed magna at nunc commodo placerat. Praesent blandit.', 'Jeux Vidéo');
INSERT INTO objet ("id_objet", "nom_objet", "description_objet", "categorie_obj") VALUES (25, 'First on the Moon (Pervye na Lune)', 'Donec ut dolor. Morbi vel lectus in quam fringilla rhoncus. Mauris enim leo, rhoncus sed, vestibulum sit amet, cursus id, turpis.', 'Films');
INSERT INTO objet ("id_objet", "nom_objet", "description_objet", "categorie_obj") VALUES (26, 'To Grandmother''s House We Go', 'Praesent blandit. Nam nulla. Integer pede justo, lacinia eget, tincidunt eget, tempus vel, pede.', 'Jeux Vidéo');
INSERT INTO objet ("id_objet", "nom_objet", "description_objet", "categorie_obj") VALUES (27, 'Toni', 'Mauris enim leo, rhoncus sed, vestibulum sit amet, cursus id, turpis.', 'Jeux Vidéo');
INSERT INTO objet ("id_objet", "nom_objet", "description_objet", "categorie_obj") VALUES (28, 'Light Gradient', 'Vestibulum ante ipsum primis in faucibus orci luctus et ultrices posuere cubilia Curae; Nulla dapibus dolor vel est. Donec odio justo, sollicitudin ut, suscipit a, feugiat et, eros. Vestibulum ac est lacinia nisi venenatis tristique.', 'Films');
INSERT INTO objet ("id_objet", "nom_objet", "description_objet", "categorie_obj") VALUES (29, 'Perfect Holiday, The', 'Vivamus metus arcu, adipiscing molestie, hendrerit at, vulputate vitae, nisl. Aenean lectus.', 'Jeux Vidéo');
INSERT INTO objet ("id_objet", "nom_objet", "description_objet", "categorie_obj") VALUES (30, 'Evening', 'In hac habitasse platea dictumst. Aliquam augue quam, sollicitudin vitae, consectetuer eget, rutrum at, lorem.', 'Jeux Vidéo');
INSERT INTO objet ("id_objet", "nom_objet", "description_objet", "categorie_obj") VALUES (31, 'Scooby-Doo', 'Vestibulum ante ipsum primis in faucibus orci luctus et ultrices posuere cubilia Curae; Duis faucibus accumsan odio. Curabitur convallis. Duis consequat dui nec nisi volutpat eleifend.', 'Jeux Vidéo');
INSERT INTO objet ("id_objet", "nom_objet", "description_objet", "categorie_obj") VALUES (32, 'Mummy: Tomb of the Dragon Emperor, The', 'Nulla ut erat id mauris vulputate elementum. Nullam varius.', 'Livres');
INSERT INTO objet ("id_objet", "nom_objet", "description_objet", "categorie_obj") VALUES (33, '2AM: The Smiling Man', 'In hac habitasse platea dictumst. Aliquam augue quam, sollicitudin vitae, consectetuer eget, rutrum at, lorem. Integer tincidunt ante vel ipsum.', 'Jeux Vidéo');
INSERT INTO objet ("id_objet", "nom_objet", "description_objet", "categorie_obj") VALUES (34, 'It''s a Very Merry Muppet Christmas Movie', 'Phasellus sit amet erat.', 'Films');
INSERT INTO objet ("id_objet", "nom_objet", "description_objet", "categorie_obj") VALUES (35, 'Ryan', 'Fusce congue, diam id ornare imperdiet, sapien urna pretium nisl, ut volutpat sapien arcu sed augue. Aliquam erat volutpat.', 'Jeux Vidéo');
INSERT INTO objet ("id_objet", "nom_objet", "description_objet", "categorie_obj") VALUES (36, 'Bedlam', 'Morbi sem mauris, laoreet ut, rhoncus aliquet, pulvinar sed, nisl. Nunc rhoncus dui vel sem.', 'Livres');
INSERT INTO objet ("id_objet", "nom_objet", "description_objet", "categorie_obj") VALUES (37, 'Light Years Away', 'Nunc nisl. Duis bibendum, felis sed interdum venenatis, turpis enim blandit mi, in porttitor pede justo eu massa.', 'Jeux Vidéo');
INSERT INTO objet ("id_objet", "nom_objet", "description_objet", "categorie_obj") VALUES (38, 'Bad Girls', 'Pellentesque ultrices mattis odio. Donec vitae nisi.', 'Livres');
INSERT INTO objet ("id_objet", "nom_objet", "description_objet", "categorie_obj") VALUES (39, 'Zach Galifianakis: Live at the Purple Onion', 'Aenean sit amet justo. Morbi ut odio. Cras mi pede, malesuada in, imperdiet et, commodo vulputate, justo.', 'Films');
INSERT INTO objet ("id_objet", "nom_objet", "description_objet", "categorie_obj") VALUES (40, 'Man in the Iron Mask, The', 'Etiam faucibus cursus urna. Ut tellus.', 'Jeux Vidéo');
INSERT INTO objet ("id_objet", "nom_objet", "description_objet", "categorie_obj") VALUES (41, 'Trust Me', 'Morbi quis tortor id nulla ultrices aliquet. Maecenas leo odio, condimentum id, luctus nec, molestie sed, justo.', 'Jeux Vidéo');
INSERT INTO objet ("id_objet", "nom_objet", "description_objet", "categorie_obj") VALUES (42, 'Code of Silence', 'Vestibulum ac est lacinia nisi venenatis tristique. Fusce congue, diam id ornare imperdiet, sapien urna pretium nisl, ut volutpat sapien arcu sed augue. Aliquam erat volutpat.', 'Films');
INSERT INTO objet ("id_objet", "nom_objet", "description_objet", "categorie_obj") VALUES (43, 'Rose Red', 'Quisque porta volutpat erat.', 'Jeux Vidéo');
INSERT INTO objet ("id_objet", "nom_objet", "description_objet", "categorie_obj") VALUES (44, 'So Normal (Normais, Os)', 'Mauris ullamcorper purus sit amet nulla.', 'Films');
INSERT INTO objet ("id_objet", "nom_objet", "description_objet", "categorie_obj") VALUES (45, 'Holding, The', 'Fusce congue, diam id ornare imperdiet, sapien urna pretium nisl, ut volutpat sapien arcu sed augue. Aliquam erat volutpat.', 'Films');
INSERT INTO objet ("id_objet", "nom_objet", "description_objet", "categorie_obj") VALUES (46, 'Player''s Club, The', 'Integer ac leo. Pellentesque ultrices mattis odio.', 'Films');
INSERT INTO objet ("id_objet", "nom_objet", "description_objet", "categorie_obj") VALUES (47, 'Pretty Persuasion', 'Nulla ut erat id mauris vulputate elementum. Nullam varius.', 'Jeux Vidéo');
INSERT INTO objet ("id_objet", "nom_objet", "description_objet", "categorie_obj") VALUES (48, 'Rounders', 'Pellentesque viverra pede ac diam. Cras pellentesque volutpat dui. Maecenas tristique, est et tempus semper, est quam pharetra magna, ac consequat metus sapien ut nunc.', 'Jeux Vidéo');
INSERT INTO objet ("id_objet", "nom_objet", "description_objet", "categorie_obj") VALUES (49, 'Sombre', 'Praesent blandit. Nam nulla.', 'Jeux Vidéo');
INSERT INTO objet ("id_objet", "nom_objet", "description_objet", "categorie_obj") VALUES (50, 'Brooklyn Rules', 'Vestibulum ante ipsum primis in faucibus orci luctus et ultrices posuere cubilia Curae; Duis faucibus accumsan odio. Curabitur convallis.', 'Films');

-- Insertion dans LISTE

INSERT INTO liste ("id_liste", "nom_liste", "id_user", "descriptif_liste", "categorie_liste") VALUES (1, 'nulla facilisi', 2, 'In sagittis dui vel nisl.', 'Livres');
INSERT INTO liste ("id_liste", "nom_liste", "id_user", "descriptif_liste", "categorie_liste") VALUES (2, 'commodo', 12, 'Aenean fermentum. Donec ut mauris eget massa tempor convallis.', 'Jeux Vidéo');
INSERT INTO liste ("id_liste", "nom_liste", "id_user", "descriptif_liste", "categorie_liste") VALUES (3, 'pede', 2, 'Nulla tempus. Vivamus in felis eu sapien cursus vestibulum.', 'Jeux Vidéo');
INSERT INTO liste ("id_liste", "nom_liste", "id_user", "descriptif_liste", "categorie_liste") VALUES (4, 'mauris ullamcorper', 9, 'Donec quis orci eget orci vehicula condimentum.', 'Jeux Vidéo');
INSERT INTO liste ("id_liste", "nom_liste", "id_user", "descriptif_liste", "categorie_liste") VALUES (5, 'ante nulla justo', 8, 'Morbi non quam nec dui luctus rutrum.', 'Jeux Vidéo');
INSERT INTO liste ("id_liste", "nom_liste", "id_user", "descriptif_liste", "categorie_liste") VALUES (6, 'enim leo rhoncus sed', 6, 'Quisque porta volutpat erat.', 'Livres');
INSERT INTO liste ("id_liste", "nom_liste", "id_user", "descriptif_liste", "categorie_liste") VALUES (7, 'bibendum', 10, 'Fusce posuere felis sed lacus.', 'Jeux Vidéo');
INSERT INTO liste ("id_liste", "nom_liste", "id_user", "descriptif_liste", "categorie_liste") VALUES (8, 'sed interdum', 5, 'Mauris ullamcorper purus sit amet nulla.', 'Jeux Vidéo');
INSERT INTO liste ("id_liste", "nom_liste", "id_user", "descriptif_liste", "categorie_liste") VALUES (9, 'aenean fermentum', 14, 'In congue. Etiam justo. Etiam pretium iaculis justo.', 'Livres');
INSERT INTO liste ("id_liste", "nom_liste", "id_user", "descriptif_liste", "categorie_liste") VALUES (10, 'vestibulum ante ipsum primis', 10, 'Aenean lectus. Pellentesque eget nunc.', 'Jeux Vidéo');
INSERT INTO liste ("id_liste", "nom_liste", "id_user", "descriptif_liste", "categorie_liste") VALUES (11, 'faucibus orci luctus', 4, 'Nulla mollis molestie lorem.', 'Jeux Vidéo');
INSERT INTO liste ("id_liste", "nom_liste", "id_user", "descriptif_liste", "categorie_liste") VALUES (12, 'morbi sem', 10, 'Vestibulum ante ipsum primis in faucibus orci luctus et ultrices posuere cubilia Curae; Nulla dapibus dolor vel est. Donec odio justo, sollicitudin ut, suscipit a, feugiat et, eros. Vestibulum ac est lacinia nisi venenatis tristique.', 'Livres');
INSERT INTO liste ("id_liste", "nom_liste", "id_user", "descriptif_liste", "categorie_liste") VALUES (13, 'pede', 3, 'Duis consequat dui nec nisi volutpat eleifend. Donec ut dolor. Morbi vel lectus in quam fringilla rhoncus.', 'Livres');
INSERT INTO liste ("id_liste", "nom_liste", "id_user", "descriptif_liste", "categorie_liste") VALUES (14, 'convallis', 4, 'Morbi vel lectus in quam fringilla rhoncus. Mauris enim leo, rhoncus sed, vestibulum sit amet, cursus id, turpis. Integer aliquet, massa id lobortis convallis, tortor risus dapibus augue, vel accumsan tellus nisi eu orci.', 'Jeux Vidéo');
INSERT INTO liste ("id_liste", "nom_liste", "id_user", "descriptif_liste", "categorie_liste") VALUES (15, 'magna vulputate luctus cum', 2, 'Nam dui.', 'Livres');
INSERT INTO liste ("id_liste", "nom_liste", "id_user", "descriptif_liste", "categorie_liste") VALUES (16, 'dolor quis odio', 12, 'Pellentesque eget nunc. Donec quis orci eget orci vehicula condimentum. Curabitur in libero ut massa volutpat convallis.', 'Jeux Vidéo');
INSERT INTO liste ("id_liste", "nom_liste", "id_user", "descriptif_liste", "categorie_liste") VALUES (17, 'semper', 3, 'Aliquam sit amet diam in magna bibendum imperdiet. Nullam orci pede, venenatis non, sodales sed, tincidunt eu, felis.', 'Livres');
INSERT INTO liste ("id_liste", "nom_liste", "id_user", "descriptif_liste", "categorie_liste") VALUES (18, 'augue a suscipit nulla', 8, 'Nulla suscipit ligula in lacus. Curabitur at ipsum ac tellus semper interdum.', 'Livres');
INSERT INTO liste ("id_liste", "nom_liste", "id_user", "descriptif_liste", "categorie_liste") VALUES (19, 'vel sem', 6, 'Morbi non quam nec dui luctus rutrum.', 'Jeux Vidéo');
INSERT INTO liste ("id_liste", "nom_liste", "id_user", "descriptif_liste", "categorie_liste") VALUES (20, 'augue', 1, 'Fusce consequat. Nulla nisl.', 'Livres');
INSERT INTO liste ("id_liste", "nom_liste", "id_user", "descriptif_liste", "categorie_liste") VALUES (21, 'nullam', 5, 'Donec diam neque, vestibulum eget, vulputate ut, ultrices vel, augue. Vestibulum ante ipsum primis in faucibus orci luctus et ultrices posuere cubilia Curae; Donec pharetra, magna vestibulum aliquet ultrices, erat tortor sollicitudin mi, sit amet lobortis sapien sapien non mi. Integer ac neque.', 'Jeux Vidéo');
INSERT INTO liste ("id_liste", "nom_liste", "id_user", "descriptif_liste", "categorie_liste") VALUES (22, 'etiam faucibus', 4, 'Nulla justo.', 'Livres');
INSERT INTO liste ("id_liste", "nom_liste", "id_user", "descriptif_liste", "categorie_liste") VALUES (23, 'sapien quis libero nullam', 5, 'In sagittis dui vel nisl. Duis ac nibh. Fusce lacus purus, aliquet at, feugiat non, pretium quis, lectus.', 'Films');
INSERT INTO liste ("id_liste", "nom_liste", "id_user", "descriptif_liste", "categorie_liste") VALUES (24, 'penatibus', 11, 'Praesent blandit lacinia erat.', 'Jeux Vidéo');
INSERT INTO liste ("id_liste", "nom_liste", "id_user", "descriptif_liste", "categorie_liste") VALUES (25, 'ante vestibulum', 1, 'Aenean lectus. Pellentesque eget nunc.', 'Livres');
INSERT INTO liste ("id_liste", "nom_liste", "id_user", "descriptif_liste", "categorie_liste") VALUES (26, 'proin leo', 7, 'In tempor, turpis nec euismod scelerisque, quam turpis adipiscing lorem, vitae mattis nibh ligula nec sem. Duis aliquam convallis nunc.', 'Jeux Vidéo');
INSERT INTO liste ("id_liste", "nom_liste", "id_user", "descriptif_liste", "categorie_liste") VALUES (27, 'posuere metus vitae', 14, 'Duis bibendum. Morbi non quam nec dui luctus rutrum.', 'Livres');
INSERT INTO liste ("id_liste", "nom_liste", "id_user", "descriptif_liste", "categorie_liste") VALUES (28, 'in faucibus orci luctus', 11, 'Praesent id massa id nisl venenatis lacinia. Aenean sit amet justo. Morbi ut odio.', 'Jeux Vidéo');
INSERT INTO liste ("id_liste", "nom_liste", "id_user", "descriptif_liste", "categorie_liste") VALUES (29, 'rutrum rutrum neque aenean', 6, 'Fusce consequat. Nulla nisl. Nunc nisl.', 'Films');
INSERT INTO liste ("id_liste", "nom_liste", "id_user", "descriptif_liste", "categorie_liste") VALUES (30, 'cras mi pede', 12, 'In sagittis dui vel nisl. Duis ac nibh.', 'Films');
INSERT INTO liste ("id_liste", "nom_liste", "id_user", "descriptif_liste", "categorie_liste") VALUES (31, 'aliquet at', 6, 'Nulla tempus. Vivamus in felis eu sapien cursus vestibulum.', 'Jeux Vidéo');
INSERT INTO liste ("id_liste", "nom_liste", "id_user", "descriptif_liste", "categorie_liste") VALUES (32, 'sagittis', 11, 'Sed ante. Vivamus tortor.', 'Jeux Vidéo');
INSERT INTO liste ("id_liste", "nom_liste", "id_user", "descriptif_liste", "categorie_liste") VALUES (33, 'integer ac', 4, 'In sagittis dui vel nisl. Duis ac nibh.', 'Jeux Vidéo');
INSERT INTO liste ("id_liste", "nom_liste", "id_user", "descriptif_liste", "categorie_liste") VALUES (34, 'turpis nec', 4, 'Donec odio justo, sollicitudin ut, suscipit a, feugiat et, eros.', 'Jeux Vidéo');
INSERT INTO liste ("id_liste", "nom_liste", "id_user", "descriptif_liste", "categorie_liste") VALUES (35, 'lectus in quam', 11, 'Integer pede justo, lacinia eget, tincidunt eget, tempus vel, pede. Morbi porttitor lorem id ligula.', 'Films');
INSERT INTO liste ("id_liste", "nom_liste", "id_user", "descriptif_liste", "categorie_liste") VALUES (36, 'ligula sit', 9, 'Cras non velit nec nisi vulputate nonummy. Maecenas tincidunt lacus at velit.', 'Livres');
INSERT INTO liste ("id_liste", "nom_liste", "id_user", "descriptif_liste", "categorie_liste") VALUES (37, 'elementum pellentesque quisque porta', 9, 'Morbi non quam nec dui luctus rutrum. Nulla tellus.', 'Films');
INSERT INTO liste ("id_liste", "nom_liste", "id_user", "descriptif_liste", "categorie_liste") VALUES (38, 'duis mattis', 6, 'Morbi ut odio. Cras mi pede, malesuada in, imperdiet et, commodo vulputate, justo.', 'Jeux Vidéo');
INSERT INTO liste ("id_liste", "nom_liste", "id_user", "descriptif_liste", "categorie_liste") VALUES (39, 'eget rutrum at lorem', 12, 'Nulla nisl. Nunc nisl. Duis bibendum, felis sed interdum venenatis, turpis enim blandit mi, in porttitor pede justo eu massa.', 'Livres');
INSERT INTO liste ("id_liste", "nom_liste", "id_user", "descriptif_liste", "categorie_liste") VALUES (40, 'ac nulla', 10, 'Duis at velit eu est congue elementum.', 'Jeux Vidéo');
INSERT INTO liste ("id_liste", "nom_liste", "id_user", "descriptif_liste", "categorie_liste") VALUES (41, 'elementum eu interdum eu', 12, 'In eleifend quam a odio. In hac habitasse platea dictumst. Maecenas ut massa quis augue luctus tincidunt.', 'Jeux Vidéo');
INSERT INTO liste ("id_liste", "nom_liste", "id_user", "descriptif_liste", "categorie_liste") VALUES (42, 'integer a', 1, 'Nulla facilisi. Cras non velit nec nisi vulputate nonummy.', 'Jeux Vidéo');
INSERT INTO liste ("id_liste", "nom_liste", "id_user", "descriptif_liste", "categorie_liste") VALUES (43, 'rutrum', 6, 'Curabitur convallis. Duis consequat dui nec nisi volutpat eleifend.', 'Jeux Vidéo');
INSERT INTO liste ("id_liste", "nom_liste", "id_user", "descriptif_liste", "categorie_liste") VALUES (44, 'purus', 9, 'Maecenas tristique, est et tempus semper, est quam pharetra magna, ac consequat metus sapien ut nunc. Vestibulum ante ipsum primis in faucibus orci luctus et ultrices posuere cubilia Curae; Mauris viverra diam vitae quam. Suspendisse potenti.', 'Films');
INSERT INTO liste ("id_liste", "nom_liste", "id_user", "descriptif_liste", "categorie_liste") VALUES (45, 'nulla suscipit ligula in', 14, 'Duis aliquam convallis nunc. Proin at turpis a pede posuere nonummy.', 'Jeux Vidéo');
INSERT INTO liste ("id_liste", "nom_liste", "id_user", "descriptif_liste", "categorie_liste") VALUES (46, 'vestibulum proin eu', 7, 'Mauris ullamcorper purus sit amet nulla. Quisque arcu libero, rutrum ac, lobortis vel, dapibus at, diam. Nam tristique tortor eu pede.', 'Livres');
INSERT INTO liste ("id_liste", "nom_liste", "id_user", "descriptif_liste", "categorie_liste") VALUES (47, 'vulputate vitae nisl', 7, 'Vestibulum sed magna at nunc commodo placerat. Praesent blandit. Nam nulla.', 'Films');
INSERT INTO liste ("id_liste", "nom_liste", "id_user", "descriptif_liste", "categorie_liste") VALUES (48, 'vel', 1, 'Morbi porttitor lorem id ligula.', 'Livres');
INSERT INTO liste ("id_liste", "nom_liste", "id_user", "descriptif_liste", "categorie_liste") VALUES (49, 'dapibus at diam nam', 10, 'Morbi a ipsum. Integer a nibh. In quis justo.', 'Livres');
INSERT INTO liste ("id_liste", "nom_liste", "id_user", "descriptif_liste", "categorie_liste") VALUES (50, 'duis', 15, 'Duis mattis egestas metus. Aenean fermentum. Donec ut mauris eget massa tempor convallis.', 'Films');
INSERT INTO liste ("id_liste", "nom_liste", "id_user", "descriptif_liste", "categorie_liste") VALUES (51, 'iaculis congue', 1, 'Vivamus vestibulum sagittis sapien. Cum sociis natoque penatibus et magnis dis parturient montes, nascetur ridiculus mus.', 'Livres');
INSERT INTO liste ("id_liste", "nom_liste", "id_user", "descriptif_liste", "categorie_liste") VALUES (52, 'ut blandit non interdum', 13, 'Mauris enim leo, rhoncus sed, vestibulum sit amet, cursus id, turpis.', 'Jeux Vidéo');
INSERT INTO liste ("id_liste", "nom_liste", "id_user", "descriptif_liste", "categorie_liste") VALUES (53, 'id massa id nisl', 10, 'Nunc purus. Phasellus in felis.', 'Films');
INSERT INTO liste ("id_liste", "nom_liste", "id_user", "descriptif_liste", "categorie_liste") VALUES (54, 'a libero', 2, 'Mauris sit amet eros. Suspendisse accumsan tortor quis turpis.', 'Jeux Vidéo');
INSERT INTO liste ("id_liste", "nom_liste", "id_user", "descriptif_liste", "categorie_liste") VALUES (55, 'ligula pellentesque', 15, 'Vestibulum ante ipsum primis in faucibus orci luctus et ultrices posuere cubilia Curae; Mauris viverra diam vitae quam. Suspendisse potenti. Nullam porttitor lacus at turpis.', 'Jeux Vidéo');
INSERT INTO liste ("id_liste", "nom_liste", "id_user", "descriptif_liste", "categorie_liste") VALUES (56, 'vel augue vestibulum', 14, 'Vivamus metus arcu, adipiscing molestie, hendrerit at, vulputate vitae, nisl. Aenean lectus. Pellentesque eget nunc.', 'Jeux Vidéo');
INSERT INTO liste ("id_liste", "nom_liste", "id_user", "descriptif_liste", "categorie_liste") VALUES (57, 'eu sapien cursus', 7, 'Vivamus in felis eu sapien cursus vestibulum. Proin eu mi. Nulla ac enim.', 'Livres');
INSERT INTO liste ("id_liste", "nom_liste", "id_user", "descriptif_liste", "categorie_liste") VALUES (58, 'dapibus dolor vel est', 13, 'Mauris ullamcorper purus sit amet nulla. Quisque arcu libero, rutrum ac, lobortis vel, dapibus at, diam. Nam tristique tortor eu pede.', 'Films');
INSERT INTO liste ("id_liste", "nom_liste", "id_user", "descriptif_liste", "categorie_liste") VALUES (59, 'congue diam id ornare', 9, 'Nulla ac enim. In tempor, turpis nec euismod scelerisque, quam turpis adipiscing lorem, vitae mattis nibh ligula nec sem. Duis aliquam convallis nunc.', 'Jeux Vidéo');
INSERT INTO liste ("id_liste", "nom_liste", "id_user", "descriptif_liste", "categorie_liste") VALUES (60, 'in faucibus', 14, 'Maecenas ut massa quis augue luctus tincidunt. Nulla mollis molestie lorem.', 'Jeux Vidéo');

-- Insertion dans POSSEDE

INSERT INTO possede ("id_objet", "id_user") VALUES (10, 1);
INSERT INTO possede ("id_objet", "id_user") VALUES (10, 10);
INSERT INTO possede ("id_objet", "id_user") VALUES (10, 11);
INSERT INTO possede ("id_objet", "id_user") VALUES (10, 14);
INSERT INTO possede ("id_objet", "id_user") VALUES (10, 2);
INSERT INTO possede ("id_objet", "id_user") VALUES (10, 5);
INSERT INTO possede ("id_objet", "id_user") VALUES (10, 6);
INSERT INTO possede ("id_objet", "id_user") VALUES (10, 9);
INSERT INTO possede ("id_objet", "id_user") VALUES (1, 10);
INSERT INTO possede ("id_objet", "id_user") VALUES (1, 11);
INSERT INTO possede ("id_objet", "id_user") VALUES (11, 1);
INSERT INTO possede ("id_objet", "id_user") VALUES (11, 11);
INSERT INTO possede ("id_objet", "id_user") VALUES (11, 13);
INSERT INTO possede ("id_objet", "id_user") VALUES (11, 14);
INSERT INTO possede ("id_objet", "id_user") VALUES (1, 12);
INSERT INTO possede ("id_objet", "id_user") VALUES (11, 2);
INSERT INTO possede ("id_objet", "id_user") VALUES (11, 3);
INSERT INTO possede ("id_objet", "id_user") VALUES (1, 14);
INSERT INTO possede ("id_objet", "id_user") VALUES (11, 4);
INSERT INTO possede ("id_objet", "id_user") VALUES (1, 15);
INSERT INTO possede ("id_objet", "id_user") VALUES (11, 5);
INSERT INTO possede ("id_objet", "id_user") VALUES (11, 6);
INSERT INTO possede ("id_objet", "id_user") VALUES (11, 7);
INSERT INTO possede ("id_objet", "id_user") VALUES (1, 2);
INSERT INTO possede ("id_objet", "id_user") VALUES (12, 1);
INSERT INTO possede ("id_objet", "id_user") VALUES (12, 11);
INSERT INTO possede ("id_objet", "id_user") VALUES (12, 12);
INSERT INTO possede ("id_objet", "id_user") VALUES (12, 13);
INSERT INTO possede ("id_objet", "id_user") VALUES (12, 15);
INSERT INTO possede ("id_objet", "id_user") VALUES (12, 2);
INSERT INTO possede ("id_objet", "id_user") VALUES (12, 3);
INSERT INTO possede ("id_objet", "id_user") VALUES (12, 4);
INSERT INTO possede ("id_objet", "id_user") VALUES (12, 6);
INSERT INTO possede ("id_objet", "id_user") VALUES (12, 9);
INSERT INTO possede ("id_objet", "id_user") VALUES (1, 3);
INSERT INTO possede ("id_objet", "id_user") VALUES (13, 1);
INSERT INTO possede ("id_objet", "id_user") VALUES (13, 12);
INSERT INTO possede ("id_objet", "id_user") VALUES (13, 14);
INSERT INTO possede ("id_objet", "id_user") VALUES (13, 15);
INSERT INTO possede ("id_objet", "id_user") VALUES (13, 3);
INSERT INTO possede ("id_objet", "id_user") VALUES (13, 4);
INSERT INTO possede ("id_objet", "id_user") VALUES (13, 6);
INSERT INTO possede ("id_objet", "id_user") VALUES (13, 7);
INSERT INTO possede ("id_objet", "id_user") VALUES (13, 8);
INSERT INTO possede ("id_objet", "id_user") VALUES (13, 9);
INSERT INTO possede ("id_objet", "id_user") VALUES (1, 4);
INSERT INTO possede ("id_objet", "id_user") VALUES (14, 10);
INSERT INTO possede ("id_objet", "id_user") VALUES (14, 11);
INSERT INTO possede ("id_objet", "id_user") VALUES (14, 12);
INSERT INTO possede ("id_objet", "id_user") VALUES (14, 13);
INSERT INTO possede ("id_objet", "id_user") VALUES (14, 15);
INSERT INTO possede ("id_objet", "id_user") VALUES (14, 2);
INSERT INTO possede ("id_objet", "id_user") VALUES (14, 4);
INSERT INTO possede ("id_objet", "id_user") VALUES (14, 6);
INSERT INTO possede ("id_objet", "id_user") VALUES (14, 7);
INSERT INTO possede ("id_objet", "id_user") VALUES (14, 9);
INSERT INTO possede ("id_objet", "id_user") VALUES (1, 5);
INSERT INTO possede ("id_objet", "id_user") VALUES (15, 1);
INSERT INTO possede ("id_objet", "id_user") VALUES (15, 12);
INSERT INTO possede ("id_objet", "id_user") VALUES (15, 3);
INSERT INTO possede ("id_objet", "id_user") VALUES (15, 5);
INSERT INTO possede ("id_objet", "id_user") VALUES (15, 6);
INSERT INTO possede ("id_objet", "id_user") VALUES (15, 7);
INSERT INTO possede ("id_objet", "id_user") VALUES (15, 8);
INSERT INTO possede ("id_objet", "id_user") VALUES (1, 6);
INSERT INTO possede ("id_objet", "id_user") VALUES (16, 1);
INSERT INTO possede ("id_objet", "id_user") VALUES (16, 10);
INSERT INTO possede ("id_objet", "id_user") VALUES (16, 11);
INSERT INTO possede ("id_objet", "id_user") VALUES (16, 12);
INSERT INTO possede ("id_objet", "id_user") VALUES (16, 13);
INSERT INTO possede ("id_objet", "id_user") VALUES (16, 14);
INSERT INTO possede ("id_objet", "id_user") VALUES (16, 15);
INSERT INTO possede ("id_objet", "id_user") VALUES (16, 3);
INSERT INTO possede ("id_objet", "id_user") VALUES (16, 4);
INSERT INTO possede ("id_objet", "id_user") VALUES (16, 5);
INSERT INTO possede ("id_objet", "id_user") VALUES (16, 6);
INSERT INTO possede ("id_objet", "id_user") VALUES (16, 7);
INSERT INTO possede ("id_objet", "id_user") VALUES (16, 8);
INSERT INTO possede ("id_objet", "id_user") VALUES (17, 1);
INSERT INTO possede ("id_objet", "id_user") VALUES (17, 11);
INSERT INTO possede ("id_objet", "id_user") VALUES (17, 12);
INSERT INTO possede ("id_objet", "id_user") VALUES (17, 13);
INSERT INTO possede ("id_objet", "id_user") VALUES (17, 14);
INSERT INTO possede ("id_objet", "id_user") VALUES (17, 15);
INSERT INTO possede ("id_objet", "id_user") VALUES (17, 2);
INSERT INTO possede ("id_objet", "id_user") VALUES (17, 3);
INSERT INTO possede ("id_objet", "id_user") VALUES (17, 5);
INSERT INTO possede ("id_objet", "id_user") VALUES (17, 6);
INSERT INTO possede ("id_objet", "id_user") VALUES (17, 9);
INSERT INTO possede ("id_objet", "id_user") VALUES (18, 11);
INSERT INTO possede ("id_objet", "id_user") VALUES (18, 13);
INSERT INTO possede ("id_objet", "id_user") VALUES (18, 15);
INSERT INTO possede ("id_objet", "id_user") VALUES (18, 2);
INSERT INTO possede ("id_objet", "id_user") VALUES (18, 4);
INSERT INTO possede ("id_objet", "id_user") VALUES (18, 5);
INSERT INTO possede ("id_objet", "id_user") VALUES (18, 7);
INSERT INTO possede ("id_objet", "id_user") VALUES (18, 8);
INSERT INTO possede ("id_objet", "id_user") VALUES (1, 9);
INSERT INTO possede ("id_objet", "id_user") VALUES (19, 1);
INSERT INTO possede ("id_objet", "id_user") VALUES (19, 10);
INSERT INTO possede ("id_objet", "id_user") VALUES (19, 11);
INSERT INTO possede ("id_objet", "id_user") VALUES (19, 13);
INSERT INTO possede ("id_objet", "id_user") VALUES (19, 14);
INSERT INTO possede ("id_objet", "id_user") VALUES (19, 15);
INSERT INTO possede ("id_objet", "id_user") VALUES (19, 2);
INSERT INTO possede ("id_objet", "id_user") VALUES (19, 3);
INSERT INTO possede ("id_objet", "id_user") VALUES (19, 8);
INSERT INTO possede ("id_objet", "id_user") VALUES (19, 9);
INSERT INTO possede ("id_objet", "id_user") VALUES (20, 1);
INSERT INTO possede ("id_objet", "id_user") VALUES (20, 10);
INSERT INTO possede ("id_objet", "id_user") VALUES (20, 11);
INSERT INTO possede ("id_objet", "id_user") VALUES (20, 13);
INSERT INTO possede ("id_objet", "id_user") VALUES (20, 14);
INSERT INTO possede ("id_objet", "id_user") VALUES (20, 15);
INSERT INTO possede ("id_objet", "id_user") VALUES (20, 2);
INSERT INTO possede ("id_objet", "id_user") VALUES (20, 3);
INSERT INTO possede ("id_objet", "id_user") VALUES (20, 4);
INSERT INTO possede ("id_objet", "id_user") VALUES (20, 5);
INSERT INTO possede ("id_objet", "id_user") VALUES (20, 6);
INSERT INTO possede ("id_objet", "id_user") VALUES (20, 8);
INSERT INTO possede ("id_objet", "id_user") VALUES (20, 9);
INSERT INTO possede ("id_objet", "id_user") VALUES (2, 1);
INSERT INTO possede ("id_objet", "id_user") VALUES (2, 10);
INSERT INTO possede ("id_objet", "id_user") VALUES (2, 11);
INSERT INTO possede ("id_objet", "id_user") VALUES (21, 1);
INSERT INTO possede ("id_objet", "id_user") VALUES (21, 10);
INSERT INTO possede ("id_objet", "id_user") VALUES (21, 13);
INSERT INTO possede ("id_objet", "id_user") VALUES (21, 14);
INSERT INTO possede ("id_objet", "id_user") VALUES (2, 12);
INSERT INTO possede ("id_objet", "id_user") VALUES (2, 13);
INSERT INTO possede ("id_objet", "id_user") VALUES (21, 3);
INSERT INTO possede ("id_objet", "id_user") VALUES (2, 14);
INSERT INTO possede ("id_objet", "id_user") VALUES (21, 4);
INSERT INTO possede ("id_objet", "id_user") VALUES (2, 15);
INSERT INTO possede ("id_objet", "id_user") VALUES (21, 5);
INSERT INTO possede ("id_objet", "id_user") VALUES (21, 6);
INSERT INTO possede ("id_objet", "id_user") VALUES (21, 7);
INSERT INTO possede ("id_objet", "id_user") VALUES (21, 9);
INSERT INTO possede ("id_objet", "id_user") VALUES (2, 2);
INSERT INTO possede ("id_objet", "id_user") VALUES (22, 11);
INSERT INTO possede ("id_objet", "id_user") VALUES (22, 12);
INSERT INTO possede ("id_objet", "id_user") VALUES (22, 14);
INSERT INTO possede ("id_objet", "id_user") VALUES (22, 4);
INSERT INTO possede ("id_objet", "id_user") VALUES (22, 5);
INSERT INTO possede ("id_objet", "id_user") VALUES (22, 8);
INSERT INTO possede ("id_objet", "id_user") VALUES (22, 9);
INSERT INTO possede ("id_objet", "id_user") VALUES (2, 3);
INSERT INTO possede ("id_objet", "id_user") VALUES (23, 1);
INSERT INTO possede ("id_objet", "id_user") VALUES (23, 11);
INSERT INTO possede ("id_objet", "id_user") VALUES (23, 12);
INSERT INTO possede ("id_objet", "id_user") VALUES (23, 14);
INSERT INTO possede ("id_objet", "id_user") VALUES (23, 15);
INSERT INTO possede ("id_objet", "id_user") VALUES (23, 3);
INSERT INTO possede ("id_objet", "id_user") VALUES (23, 4);
INSERT INTO possede ("id_objet", "id_user") VALUES (23, 5);
INSERT INTO possede ("id_objet", "id_user") VALUES (23, 6);
INSERT INTO possede ("id_objet", "id_user") VALUES (23, 7);
INSERT INTO possede ("id_objet", "id_user") VALUES (23, 8);
INSERT INTO possede ("id_objet", "id_user") VALUES (23, 9);
INSERT INTO possede ("id_objet", "id_user") VALUES (2, 4);
INSERT INTO possede ("id_objet", "id_user") VALUES (24, 12);
INSERT INTO possede ("id_objet", "id_user") VALUES (24, 13);
INSERT INTO possede ("id_objet", "id_user") VALUES (24, 14);
INSERT INTO possede ("id_objet", "id_user") VALUES (24, 15);
INSERT INTO possede ("id_objet", "id_user") VALUES (24, 3);
INSERT INTO possede ("id_objet", "id_user") VALUES (24, 4);
INSERT INTO possede ("id_objet", "id_user") VALUES (24, 5);
INSERT INTO possede ("id_objet", "id_user") VALUES (24, 7);
INSERT INTO possede ("id_objet", "id_user") VALUES (24, 8);
INSERT INTO possede ("id_objet", "id_user") VALUES (24, 9);
INSERT INTO possede ("id_objet", "id_user") VALUES (2, 5);
INSERT INTO possede ("id_objet", "id_user") VALUES (25, 1);
INSERT INTO possede ("id_objet", "id_user") VALUES (25, 10);
INSERT INTO possede ("id_objet", "id_user") VALUES (25, 11);
INSERT INTO possede ("id_objet", "id_user") VALUES (25, 12);
INSERT INTO possede ("id_objet", "id_user") VALUES (25, 14);
INSERT INTO possede ("id_objet", "id_user") VALUES (25, 2);
INSERT INTO possede ("id_objet", "id_user") VALUES (25, 3);
INSERT INTO possede ("id_objet", "id_user") VALUES (25, 4);
INSERT INTO possede ("id_objet", "id_user") VALUES (25, 5);
INSERT INTO possede ("id_objet", "id_user") VALUES (25, 7);
INSERT INTO possede ("id_objet", "id_user") VALUES (25, 8);
INSERT INTO possede ("id_objet", "id_user") VALUES (2, 6);
INSERT INTO possede ("id_objet", "id_user") VALUES (26, 1);
INSERT INTO possede ("id_objet", "id_user") VALUES (26, 10);
INSERT INTO possede ("id_objet", "id_user") VALUES (26, 11);
INSERT INTO possede ("id_objet", "id_user") VALUES (26, 12);
INSERT INTO possede ("id_objet", "id_user") VALUES (26, 13);
INSERT INTO possede ("id_objet", "id_user") VALUES (26, 14);
INSERT INTO possede ("id_objet", "id_user") VALUES (26, 15);
INSERT INTO possede ("id_objet", "id_user") VALUES (26, 2);
INSERT INTO possede ("id_objet", "id_user") VALUES (26, 4);
INSERT INTO possede ("id_objet", "id_user") VALUES (26, 6);
INSERT INTO possede ("id_objet", "id_user") VALUES (26, 7);
INSERT INTO possede ("id_objet", "id_user") VALUES (2, 7);
INSERT INTO possede ("id_objet", "id_user") VALUES (27, 1);
INSERT INTO possede ("id_objet", "id_user") VALUES (27, 10);
INSERT INTO possede ("id_objet", "id_user") VALUES (27, 11);
INSERT INTO possede ("id_objet", "id_user") VALUES (27, 12);
INSERT INTO possede ("id_objet", "id_user") VALUES (27, 13);
INSERT INTO possede ("id_objet", "id_user") VALUES (27, 14);
INSERT INTO possede ("id_objet", "id_user") VALUES (27, 15);
INSERT INTO possede ("id_objet", "id_user") VALUES (27, 2);
INSERT INTO possede ("id_objet", "id_user") VALUES (27, 3);
INSERT INTO possede ("id_objet", "id_user") VALUES (27, 4);
INSERT INTO possede ("id_objet", "id_user") VALUES (27, 5);
INSERT INTO possede ("id_objet", "id_user") VALUES (27, 6);
INSERT INTO possede ("id_objet", "id_user") VALUES (27, 8);
INSERT INTO possede ("id_objet", "id_user") VALUES (27, 9);
INSERT INTO possede ("id_objet", "id_user") VALUES (28, 1);
INSERT INTO possede ("id_objet", "id_user") VALUES (28, 10);
INSERT INTO possede ("id_objet", "id_user") VALUES (28, 11);
INSERT INTO possede ("id_objet", "id_user") VALUES (28, 12);
INSERT INTO possede ("id_objet", "id_user") VALUES (28, 13);
INSERT INTO possede ("id_objet", "id_user") VALUES (28, 14);
INSERT INTO possede ("id_objet", "id_user") VALUES (28, 15);
INSERT INTO possede ("id_objet", "id_user") VALUES (28, 2);
INSERT INTO possede ("id_objet", "id_user") VALUES (28, 3);
INSERT INTO possede ("id_objet", "id_user") VALUES (28, 4);
INSERT INTO possede ("id_objet", "id_user") VALUES (28, 6);
INSERT INTO possede ("id_objet", "id_user") VALUES (28, 7);
INSERT INTO possede ("id_objet", "id_user") VALUES (28, 9);
INSERT INTO possede ("id_objet", "id_user") VALUES (29, 1);
INSERT INTO possede ("id_objet", "id_user") VALUES (29, 11);
INSERT INTO possede ("id_objet", "id_user") VALUES (29, 13);
INSERT INTO possede ("id_objet", "id_user") VALUES (29, 14);
INSERT INTO possede ("id_objet", "id_user") VALUES (29, 15);
INSERT INTO possede ("id_objet", "id_user") VALUES (29, 3);
INSERT INTO possede ("id_objet", "id_user") VALUES (29, 5);
INSERT INTO possede ("id_objet", "id_user") VALUES (29, 6);
INSERT INTO possede ("id_objet", "id_user") VALUES (29, 7);
INSERT INTO possede ("id_objet", "id_user") VALUES (29, 9);
INSERT INTO possede ("id_objet", "id_user") VALUES (30, 1);
INSERT INTO possede ("id_objet", "id_user") VALUES (30, 11);
INSERT INTO possede ("id_objet", "id_user") VALUES (30, 12);
INSERT INTO possede ("id_objet", "id_user") VALUES (30, 13);
INSERT INTO possede ("id_objet", "id_user") VALUES (30, 14);
INSERT INTO possede ("id_objet", "id_user") VALUES (30, 15);
INSERT INTO possede ("id_objet", "id_user") VALUES (30, 4);
INSERT INTO possede ("id_objet", "id_user") VALUES (30, 6);
INSERT INTO possede ("id_objet", "id_user") VALUES (30, 7);
INSERT INTO possede ("id_objet", "id_user") VALUES (30, 8);
INSERT INTO possede ("id_objet", "id_user") VALUES (30, 9);
INSERT INTO possede ("id_objet", "id_user") VALUES (3, 1);
INSERT INTO possede ("id_objet", "id_user") VALUES (3, 10);
INSERT INTO possede ("id_objet", "id_user") VALUES (3, 11);
INSERT INTO possede ("id_objet", "id_user") VALUES (31, 1);
INSERT INTO possede ("id_objet", "id_user") VALUES (31, 10);
INSERT INTO possede ("id_objet", "id_user") VALUES (31, 13);
INSERT INTO possede ("id_objet", "id_user") VALUES (31, 14);
INSERT INTO possede ("id_objet", "id_user") VALUES (31, 15);
INSERT INTO possede ("id_objet", "id_user") VALUES (3, 12);
INSERT INTO possede ("id_objet", "id_user") VALUES (31, 2);
INSERT INTO possede ("id_objet", "id_user") VALUES (3, 13);
INSERT INTO possede ("id_objet", "id_user") VALUES (31, 3);
INSERT INTO possede ("id_objet", "id_user") VALUES (3, 14);
INSERT INTO possede ("id_objet", "id_user") VALUES (31, 4);
INSERT INTO possede ("id_objet", "id_user") VALUES (3, 15);
INSERT INTO possede ("id_objet", "id_user") VALUES (31, 5);
INSERT INTO possede ("id_objet", "id_user") VALUES (31, 6);
INSERT INTO possede ("id_objet", "id_user") VALUES (31, 8);
INSERT INTO possede ("id_objet", "id_user") VALUES (31, 9);
INSERT INTO possede ("id_objet", "id_user") VALUES (32, 1);
INSERT INTO possede ("id_objet", "id_user") VALUES (32, 10);
INSERT INTO possede ("id_objet", "id_user") VALUES (32, 12);
INSERT INTO possede ("id_objet", "id_user") VALUES (32, 13);
INSERT INTO possede ("id_objet", "id_user") VALUES (32, 14);
INSERT INTO possede ("id_objet", "id_user") VALUES (32, 15);
INSERT INTO possede ("id_objet", "id_user") VALUES (32, 2);
INSERT INTO possede ("id_objet", "id_user") VALUES (32, 4);
INSERT INTO possede ("id_objet", "id_user") VALUES (32, 6);
INSERT INTO possede ("id_objet", "id_user") VALUES (32, 8);
INSERT INTO possede ("id_objet", "id_user") VALUES (32, 9);
INSERT INTO possede ("id_objet", "id_user") VALUES (33, 1);
INSERT INTO possede ("id_objet", "id_user") VALUES (33, 10);
INSERT INTO possede ("id_objet", "id_user") VALUES (33, 11);
INSERT INTO possede ("id_objet", "id_user") VALUES (33, 13);
INSERT INTO possede ("id_objet", "id_user") VALUES (33, 14);
INSERT INTO possede ("id_objet", "id_user") VALUES (33, 15);
INSERT INTO possede ("id_objet", "id_user") VALUES (33, 2);
INSERT INTO possede ("id_objet", "id_user") VALUES (33, 4);
INSERT INTO possede ("id_objet", "id_user") VALUES (33, 6);
INSERT INTO possede ("id_objet", "id_user") VALUES (33, 9);
INSERT INTO possede ("id_objet", "id_user") VALUES (34, 1);
INSERT INTO possede ("id_objet", "id_user") VALUES (34, 10);
INSERT INTO possede ("id_objet", "id_user") VALUES (34, 11);
INSERT INTO possede ("id_objet", "id_user") VALUES (34, 12);
INSERT INTO possede ("id_objet", "id_user") VALUES (34, 13);
INSERT INTO possede ("id_objet", "id_user") VALUES (34, 15);
INSERT INTO possede ("id_objet", "id_user") VALUES (34, 2);
INSERT INTO possede ("id_objet", "id_user") VALUES (34, 4);
INSERT INTO possede ("id_objet", "id_user") VALUES (34, 7);
INSERT INTO possede ("id_objet", "id_user") VALUES (34, 8);
INSERT INTO possede ("id_objet", "id_user") VALUES (34, 9);
INSERT INTO possede ("id_objet", "id_user") VALUES (3, 5);
INSERT INTO possede ("id_objet", "id_user") VALUES (35, 10);
INSERT INTO possede ("id_objet", "id_user") VALUES (35, 12);
INSERT INTO possede ("id_objet", "id_user") VALUES (35, 13);
INSERT INTO possede ("id_objet", "id_user") VALUES (35, 14);
INSERT INTO possede ("id_objet", "id_user") VALUES (35, 2);
INSERT INTO possede ("id_objet", "id_user") VALUES (35, 3);
INSERT INTO possede ("id_objet", "id_user") VALUES (35, 4);
INSERT INTO possede ("id_objet", "id_user") VALUES (35, 7);
INSERT INTO possede ("id_objet", "id_user") VALUES (3, 6);
INSERT INTO possede ("id_objet", "id_user") VALUES (36, 11);
INSERT INTO possede ("id_objet", "id_user") VALUES (36, 13);
INSERT INTO possede ("id_objet", "id_user") VALUES (36, 14);
INSERT INTO possede ("id_objet", "id_user") VALUES (36, 15);
INSERT INTO possede ("id_objet", "id_user") VALUES (36, 2);
INSERT INTO possede ("id_objet", "id_user") VALUES (36, 3);
INSERT INTO possede ("id_objet", "id_user") VALUES (36, 4);
INSERT INTO possede ("id_objet", "id_user") VALUES (36, 7);
INSERT INTO possede ("id_objet", "id_user") VALUES (36, 8);
INSERT INTO possede ("id_objet", "id_user") VALUES (36, 9);
INSERT INTO possede ("id_objet", "id_user") VALUES (3, 7);
INSERT INTO possede ("id_objet", "id_user") VALUES (37, 1);
INSERT INTO possede ("id_objet", "id_user") VALUES (37, 11);
INSERT INTO possede ("id_objet", "id_user") VALUES (37, 12);
INSERT INTO possede ("id_objet", "id_user") VALUES (37, 15);
INSERT INTO possede ("id_objet", "id_user") VALUES (37, 2);
INSERT INTO possede ("id_objet", "id_user") VALUES (37, 3);
INSERT INTO possede ("id_objet", "id_user") VALUES (37, 4);
INSERT INTO possede ("id_objet", "id_user") VALUES (37, 5);
INSERT INTO possede ("id_objet", "id_user") VALUES (37, 6);
INSERT INTO possede ("id_objet", "id_user") VALUES (37, 7);
INSERT INTO possede ("id_objet", "id_user") VALUES (37, 9);
INSERT INTO possede ("id_objet", "id_user") VALUES (38, 1);
INSERT INTO possede ("id_objet", "id_user") VALUES (38, 10);
INSERT INTO possede ("id_objet", "id_user") VALUES (38, 11);
INSERT INTO possede ("id_objet", "id_user") VALUES (38, 12);
INSERT INTO possede ("id_objet", "id_user") VALUES (38, 13);
INSERT INTO possede ("id_objet", "id_user") VALUES (38, 14);
INSERT INTO possede ("id_objet", "id_user") VALUES (38, 2);
INSERT INTO possede ("id_objet", "id_user") VALUES (38, 4);
INSERT INTO possede ("id_objet", "id_user") VALUES (38, 5);
INSERT INTO possede ("id_objet", "id_user") VALUES (38, 6);
INSERT INTO possede ("id_objet", "id_user") VALUES (38, 7);
INSERT INTO possede ("id_objet", "id_user") VALUES (38, 8);
INSERT INTO possede ("id_objet", "id_user") VALUES (38, 9);
INSERT INTO possede ("id_objet", "id_user") VALUES (3, 9);
INSERT INTO possede ("id_objet", "id_user") VALUES (39, 10);
INSERT INTO possede ("id_objet", "id_user") VALUES (39, 11);
INSERT INTO possede ("id_objet", "id_user") VALUES (39, 13);
INSERT INTO possede ("id_objet", "id_user") VALUES (39, 14);
INSERT INTO possede ("id_objet", "id_user") VALUES (39, 15);
INSERT INTO possede ("id_objet", "id_user") VALUES (39, 2);
INSERT INTO possede ("id_objet", "id_user") VALUES (39, 3);
INSERT INTO possede ("id_objet", "id_user") VALUES (39, 5);
INSERT INTO possede ("id_objet", "id_user") VALUES (39, 6);
INSERT INTO possede ("id_objet", "id_user") VALUES (39, 8);
INSERT INTO possede ("id_objet", "id_user") VALUES (40, 12);
INSERT INTO possede ("id_objet", "id_user") VALUES (40, 13);
INSERT INTO possede ("id_objet", "id_user") VALUES (40, 15);
INSERT INTO possede ("id_objet", "id_user") VALUES (40, 3);
INSERT INTO possede ("id_objet", "id_user") VALUES (40, 4);
INSERT INTO possede ("id_objet", "id_user") VALUES (40, 5);
INSERT INTO possede ("id_objet", "id_user") VALUES (40, 6);
INSERT INTO possede ("id_objet", "id_user") VALUES (40, 7);
INSERT INTO possede ("id_objet", "id_user") VALUES (40, 8);
INSERT INTO possede ("id_objet", "id_user") VALUES (40, 9);
INSERT INTO possede ("id_objet", "id_user") VALUES (4, 11);
INSERT INTO possede ("id_objet", "id_user") VALUES (41, 1);
INSERT INTO possede ("id_objet", "id_user") VALUES (41, 11);
INSERT INTO possede ("id_objet", "id_user") VALUES (41, 12);
INSERT INTO possede ("id_objet", "id_user") VALUES (41, 13);
INSERT INTO possede ("id_objet", "id_user") VALUES (41, 14);
INSERT INTO possede ("id_objet", "id_user") VALUES (41, 2);
INSERT INTO possede ("id_objet", "id_user") VALUES (4, 13);
INSERT INTO possede ("id_objet", "id_user") VALUES (41, 3);
INSERT INTO possede ("id_objet", "id_user") VALUES (41, 4);
INSERT INTO possede ("id_objet", "id_user") VALUES (41, 5);
INSERT INTO possede ("id_objet", "id_user") VALUES (41, 6);
INSERT INTO possede ("id_objet", "id_user") VALUES (41, 7);
INSERT INTO possede ("id_objet", "id_user") VALUES (41, 8);
INSERT INTO possede ("id_objet", "id_user") VALUES (41, 9);
INSERT INTO possede ("id_objet", "id_user") VALUES (42, 1);
INSERT INTO possede ("id_objet", "id_user") VALUES (42, 11);
INSERT INTO possede ("id_objet", "id_user") VALUES (42, 14);
INSERT INTO possede ("id_objet", "id_user") VALUES (42, 2);
INSERT INTO possede ("id_objet", "id_user") VALUES (42, 3);
INSERT INTO possede ("id_objet", "id_user") VALUES (42, 4);
INSERT INTO possede ("id_objet", "id_user") VALUES (42, 5);
INSERT INTO possede ("id_objet", "id_user") VALUES (42, 6);
INSERT INTO possede ("id_objet", "id_user") VALUES (42, 8);
INSERT INTO possede ("id_objet", "id_user") VALUES (42, 9);
INSERT INTO possede ("id_objet", "id_user") VALUES (4, 3);
INSERT INTO possede ("id_objet", "id_user") VALUES (43, 10);
INSERT INTO possede ("id_objet", "id_user") VALUES (43, 11);
INSERT INTO possede ("id_objet", "id_user") VALUES (43, 12);
INSERT INTO possede ("id_objet", "id_user") VALUES (43, 13);
INSERT INTO possede ("id_objet", "id_user") VALUES (43, 15);
INSERT INTO possede ("id_objet", "id_user") VALUES (43, 3);
INSERT INTO possede ("id_objet", "id_user") VALUES (43, 4);
INSERT INTO possede ("id_objet", "id_user") VALUES (43, 5);
INSERT INTO possede ("id_objet", "id_user") VALUES (43, 6);
INSERT INTO possede ("id_objet", "id_user") VALUES (43, 7);
INSERT INTO possede ("id_objet", "id_user") VALUES (43, 8);
INSERT INTO possede ("id_objet", "id_user") VALUES (4, 4);
INSERT INTO possede ("id_objet", "id_user") VALUES (44, 1);
INSERT INTO possede ("id_objet", "id_user") VALUES (44, 10);
INSERT INTO possede ("id_objet", "id_user") VALUES (44, 12);
INSERT INTO possede ("id_objet", "id_user") VALUES (44, 13);
INSERT INTO possede ("id_objet", "id_user") VALUES (44, 14);
INSERT INTO possede ("id_objet", "id_user") VALUES (44, 15);
INSERT INTO possede ("id_objet", "id_user") VALUES (44, 3);
INSERT INTO possede ("id_objet", "id_user") VALUES (44, 4);
INSERT INTO possede ("id_objet", "id_user") VALUES (44, 6);
INSERT INTO possede ("id_objet", "id_user") VALUES (44, 7);
INSERT INTO possede ("id_objet", "id_user") VALUES (44, 8);
INSERT INTO possede ("id_objet", "id_user") VALUES (44, 9);
INSERT INTO possede ("id_objet", "id_user") VALUES (4, 5);
INSERT INTO possede ("id_objet", "id_user") VALUES (45, 1);
INSERT INTO possede ("id_objet", "id_user") VALUES (45, 10);
INSERT INTO possede ("id_objet", "id_user") VALUES (45, 11);
INSERT INTO possede ("id_objet", "id_user") VALUES (45, 12);
INSERT INTO possede ("id_objet", "id_user") VALUES (45, 13);
INSERT INTO possede ("id_objet", "id_user") VALUES (45, 14);
INSERT INTO possede ("id_objet", "id_user") VALUES (45, 15);
INSERT INTO possede ("id_objet", "id_user") VALUES (45, 2);
INSERT INTO possede ("id_objet", "id_user") VALUES (45, 3);
INSERT INTO possede ("id_objet", "id_user") VALUES (45, 4);
INSERT INTO possede ("id_objet", "id_user") VALUES (45, 5);
INSERT INTO possede ("id_objet", "id_user") VALUES (45, 8);
INSERT INTO possede ("id_objet", "id_user") VALUES (4, 6);
INSERT INTO possede ("id_objet", "id_user") VALUES (46, 1);
INSERT INTO possede ("id_objet", "id_user") VALUES (46, 10);
INSERT INTO possede ("id_objet", "id_user") VALUES (46, 11);
INSERT INTO possede ("id_objet", "id_user") VALUES (46, 12);
INSERT INTO possede ("id_objet", "id_user") VALUES (46, 15);
INSERT INTO possede ("id_objet", "id_user") VALUES (46, 3);
INSERT INTO possede ("id_objet", "id_user") VALUES (46, 5);
INSERT INTO possede ("id_objet", "id_user") VALUES (46, 6);
INSERT INTO possede ("id_objet", "id_user") VALUES (46, 7);
INSERT INTO possede ("id_objet", "id_user") VALUES (46, 8);
INSERT INTO possede ("id_objet", "id_user") VALUES (47, 1);
INSERT INTO possede ("id_objet", "id_user") VALUES (47, 10);
INSERT INTO possede ("id_objet", "id_user") VALUES (47, 11);
INSERT INTO possede ("id_objet", "id_user") VALUES (47, 12);
INSERT INTO possede ("id_objet", "id_user") VALUES (47, 13);
INSERT INTO possede ("id_objet", "id_user") VALUES (47, 14);
INSERT INTO possede ("id_objet", "id_user") VALUES (47, 15);
INSERT INTO possede ("id_objet", "id_user") VALUES (47, 2);
INSERT INTO possede ("id_objet", "id_user") VALUES (47, 3);
INSERT INTO possede ("id_objet", "id_user") VALUES (47, 4);
INSERT INTO possede ("id_objet", "id_user") VALUES (47, 5);
INSERT INTO possede ("id_objet", "id_user") VALUES (47, 6);
INSERT INTO possede ("id_objet", "id_user") VALUES (47, 8);
INSERT INTO possede ("id_objet", "id_user") VALUES (48, 10);
INSERT INTO possede ("id_objet", "id_user") VALUES (48, 11);
INSERT INTO possede ("id_objet", "id_user") VALUES (48, 12);
INSERT INTO possede ("id_objet", "id_user") VALUES (48, 13);
INSERT INTO possede ("id_objet", "id_user") VALUES (48, 14);
INSERT INTO possede ("id_objet", "id_user") VALUES (48, 4);
INSERT INTO possede ("id_objet", "id_user") VALUES (48, 6);
INSERT INTO possede ("id_objet", "id_user") VALUES (48, 7);
INSERT INTO possede ("id_objet", "id_user") VALUES (48, 8);
INSERT INTO possede ("id_objet", "id_user") VALUES (48, 9);
INSERT INTO possede ("id_objet", "id_user") VALUES (49, 10);
INSERT INTO possede ("id_objet", "id_user") VALUES (49, 11);
INSERT INTO possede ("id_objet", "id_user") VALUES (49, 12);
INSERT INTO possede ("id_objet", "id_user") VALUES (49, 13);
INSERT INTO possede ("id_objet", "id_user") VALUES (49, 15);
INSERT INTO possede ("id_objet", "id_user") VALUES (49, 3);
INSERT INTO possede ("id_objet", "id_user") VALUES (49, 4);
INSERT INTO possede ("id_objet", "id_user") VALUES (49, 5);
INSERT INTO possede ("id_objet", "id_user") VALUES (49, 6);
INSERT INTO possede ("id_objet", "id_user") VALUES (49, 7);
INSERT INTO possede ("id_objet", "id_user") VALUES (49, 9);
INSERT INTO possede ("id_objet", "id_user") VALUES (50, 1);
INSERT INTO possede ("id_objet", "id_user") VALUES (50, 10);
INSERT INTO possede ("id_objet", "id_user") VALUES (50, 11);
INSERT INTO possede ("id_objet", "id_user") VALUES (50, 12);
INSERT INTO possede ("id_objet", "id_user") VALUES (50, 14);
INSERT INTO possede ("id_objet", "id_user") VALUES (50, 15);
INSERT INTO possede ("id_objet", "id_user") VALUES (50, 2);
INSERT INTO possede ("id_objet", "id_user") VALUES (50, 6);
INSERT INTO possede ("id_objet", "id_user") VALUES (50, 8);
INSERT INTO possede ("id_objet", "id_user") VALUES (50, 9);
INSERT INTO possede ("id_objet", "id_user") VALUES (5, 1);
INSERT INTO possede ("id_objet", "id_user") VALUES (5, 12);
INSERT INTO possede ("id_objet", "id_user") VALUES (5, 13);
INSERT INTO possede ("id_objet", "id_user") VALUES (5, 2);
INSERT INTO possede ("id_objet", "id_user") VALUES (5, 5);
INSERT INTO possede ("id_objet", "id_user") VALUES (5, 6);
INSERT INTO possede ("id_objet", "id_user") VALUES (5, 9);
INSERT INTO possede ("id_objet", "id_user") VALUES (6, 10);
INSERT INTO possede ("id_objet", "id_user") VALUES (6, 11);
INSERT INTO possede ("id_objet", "id_user") VALUES (6, 12);
INSERT INTO possede ("id_objet", "id_user") VALUES (6, 14);
INSERT INTO possede ("id_objet", "id_user") VALUES (6, 4);
INSERT INTO possede ("id_objet", "id_user") VALUES (6, 5);
INSERT INTO possede ("id_objet", "id_user") VALUES (6, 6);
INSERT INTO possede ("id_objet", "id_user") VALUES (6, 7);
INSERT INTO possede ("id_objet", "id_user") VALUES (6, 9);
INSERT INTO possede ("id_objet", "id_user") VALUES (7, 14);
INSERT INTO possede ("id_objet", "id_user") VALUES (7, 15);
INSERT INTO possede ("id_objet", "id_user") VALUES (7, 2);
INSERT INTO possede ("id_objet", "id_user") VALUES (7, 3);
INSERT INTO possede ("id_objet", "id_user") VALUES (7, 5);
INSERT INTO possede ("id_objet", "id_user") VALUES (7, 7);
INSERT INTO possede ("id_objet", "id_user") VALUES (7, 8);
INSERT INTO possede ("id_objet", "id_user") VALUES (8, 10);
INSERT INTO possede ("id_objet", "id_user") VALUES (8, 11);
INSERT INTO possede ("id_objet", "id_user") VALUES (8, 12);
INSERT INTO possede ("id_objet", "id_user") VALUES (8, 14);
INSERT INTO possede ("id_objet", "id_user") VALUES (8, 4);
INSERT INTO possede ("id_objet", "id_user") VALUES (8, 5);
INSERT INTO possede ("id_objet", "id_user") VALUES (8, 6);
INSERT INTO possede ("id_objet", "id_user") VALUES (8, 7);
INSERT INTO possede ("id_objet", "id_user") VALUES (8, 8);
INSERT INTO possede ("id_objet", "id_user") VALUES (8, 9);
INSERT INTO possede ("id_objet", "id_user") VALUES (9, 1);
INSERT INTO possede ("id_objet", "id_user") VALUES (9, 10);
INSERT INTO possede ("id_objet", "id_user") VALUES (9, 11);
INSERT INTO possede ("id_objet", "id_user") VALUES (9, 13);
INSERT INTO possede ("id_objet", "id_user") VALUES (9, 15);
INSERT INTO possede ("id_objet", "id_user") VALUES (9, 4);
INSERT INTO possede ("id_objet", "id_user") VALUES (9, 7);
INSERT INTO possede ("id_objet", "id_user") VALUES (9, 8);
INSERT INTO possede ("id_objet", "id_user") VALUES (9, 9);

-- Insertion dans AVIS

INSERT INTO avis ("id_objet", "id_user", "date_avis", "note", "commentaire") VALUES (10, 1, TO_DATE('2022-07-25', 'YYYY-MM-DD'), 10, 'Aenean fermentum.');
INSERT INTO avis ("id_objet", "id_user", "date_avis", "note", "commentaire") VALUES (10, 10, TO_DATE('2022-12-23', 'YYYY-MM-DD'), 15, 'Duis bibendum, felis sed interdum venenatis, turpis enim blandit mi, in porttitor pede justo eu massa.');
INSERT INTO avis ("id_objet", "id_user", "date_avis", "note", "commentaire") VALUES (10, 11, TO_DATE('2022-07-12', 'YYYY-MM-DD'), 14, 'Vivamus metus arcu, adipiscing molestie, hendrerit at, vulputate vitae, nisl. Aenean lectus. Pellentesque eget nunc.');
INSERT INTO avis ("id_objet", "id_user", "date_avis", "note", "commentaire") VALUES (10, 14, TO_DATE('2022-11-08', 'YYYY-MM-DD'), 17, 'Vestibulum ante ipsum primis in faucibus orci luctus et ultrices posuere cubilia Curae; Nulla dapibus dolor vel est. Donec odio justo, sollicitudin ut, suscipit a, feugiat et, eros. Vestibulum ac est lacinia nisi venenatis tristique.');
INSERT INTO avis ("id_objet", "id_user", "date_avis", "note", "commentaire") VALUES (10, 2, TO_DATE('2022-10-01', 'YYYY-MM-DD'), 12, 'Nunc nisl. Duis bibendum, felis sed interdum venenatis, turpis enim blandit mi, in porttitor pede justo eu massa.');
INSERT INTO avis ("id_objet", "id_user", "date_avis", "note", "commentaire") VALUES (10, 5, TO_DATE('2022-08-22', 'YYYY-MM-DD'), 9, 'Vestibulum ante ipsum primis in faucibus orci luctus et ultrices posuere cubilia Curae; Duis faucibus accumsan odio. Curabitur convallis. Duis consequat dui nec nisi volutpat eleifend.');
INSERT INTO avis ("id_objet", "id_user", "date_avis", "note", "commentaire") VALUES (10, 6, TO_DATE('2022-07-12', 'YYYY-MM-DD'), 8, 'Integer pede justo, lacinia eget, tincidunt eget, tempus vel, pede. Morbi porttitor lorem id ligula. Suspendisse ornare consequat lectus.');
INSERT INTO avis ("id_objet", "id_user", "date_avis", "note", "commentaire") VALUES (10, 9, TO_DATE('2022-08-08', 'YYYY-MM-DD'), 2, 'Quisque id justo sit amet sapien dignissim vestibulum. Vestibulum ante ipsum primis in faucibus orci luctus et ultrices posuere cubilia Curae; Nulla dapibus dolor vel est.');
INSERT INTO avis ("id_objet", "id_user", "date_avis", "note", "commentaire") VALUES (1, 10, TO_DATE('2022-10-15', 'YYYY-MM-DD'), 10, 'Nullam molestie nibh in lectus. Pellentesque at nulla.');
INSERT INTO avis ("id_objet", "id_user", "date_avis", "note", "commentaire") VALUES (1, 11, TO_DATE('2022-08-20', 'YYYY-MM-DD'), 2, 'Mauris lacinia sapien quis libero. Nullam sit amet turpis elementum ligula vehicula consequat.');
INSERT INTO avis ("id_objet", "id_user", "date_avis", "note", "commentaire") VALUES (11, 1, TO_DATE('2022-07-10', 'YYYY-MM-DD'), 20, 'Praesent id massa id nisl venenatis lacinia. Aenean sit amet justo. Morbi ut odio.');
INSERT INTO avis ("id_objet", "id_user", "date_avis", "note", "commentaire") VALUES (11, 11, TO_DATE('2022-07-27', 'YYYY-MM-DD'), 5, 'Nulla ut erat id mauris vulputate elementum.');
INSERT INTO avis ("id_objet", "id_user", "date_avis", "note", "commentaire") VALUES (11, 13, TO_DATE('2022-08-02', 'YYYY-MM-DD'), 12, 'Phasellus id sapien in sapien iaculis congue.');
INSERT INTO avis ("id_objet", "id_user", "date_avis", "note", "commentaire") VALUES (11, 14, TO_DATE('2022-08-27', 'YYYY-MM-DD'), 7, 'Aenean sit amet justo. Morbi ut odio. Cras mi pede, malesuada in, imperdiet et, commodo vulputate, justo.');
INSERT INTO avis ("id_objet", "id_user", "date_avis", "note", "commentaire") VALUES (1, 12, TO_DATE('2022-12-04', 'YYYY-MM-DD'), 17, 'In hac habitasse platea dictumst.');
INSERT INTO avis ("id_objet", "id_user", "date_avis", "note", "commentaire") VALUES (11, 2, TO_DATE('2022-08-21', 'YYYY-MM-DD'), 10, 'Nam nulla. Integer pede justo, lacinia eget, tincidunt eget, tempus vel, pede. Morbi porttitor lorem id ligula.');
INSERT INTO avis ("id_objet", "id_user", "date_avis", "note", "commentaire") VALUES (11, 3, TO_DATE('2022-08-19', 'YYYY-MM-DD'), 6, 'Aliquam augue quam, sollicitudin vitae, consectetuer eget, rutrum at, lorem. Integer tincidunt ante vel ipsum. Praesent blandit lacinia erat.');
INSERT INTO avis ("id_objet", "id_user", "date_avis", "note", "commentaire") VALUES (1, 14, TO_DATE('2022-06-30', 'YYYY-MM-DD'), 14, 'Donec quis orci eget orci vehicula condimentum.');
INSERT INTO avis ("id_objet", "id_user", "date_avis", "note", "commentaire") VALUES (11, 4, TO_DATE('2022-11-02', 'YYYY-MM-DD'), 5, 'Vestibulum ac est lacinia nisi venenatis tristique.');
INSERT INTO avis ("id_objet", "id_user", "date_avis", "note", "commentaire") VALUES (1, 15, TO_DATE('2022-10-22', 'YYYY-MM-DD'), 1, 'Nam dui. Proin leo odio, porttitor id, consequat in, consequat ut, nulla. Sed accumsan felis.');
INSERT INTO avis ("id_objet", "id_user", "date_avis", "note", "commentaire") VALUES (11, 5, TO_DATE('2022-10-18', 'YYYY-MM-DD'), 7, 'Donec posuere metus vitae ipsum.');
INSERT INTO avis ("id_objet", "id_user", "date_avis", "note", "commentaire") VALUES (11, 6, TO_DATE('2022-08-19', 'YYYY-MM-DD'), 10, 'In tempor, turpis nec euismod scelerisque, quam turpis adipiscing lorem, vitae mattis nibh ligula nec sem. Duis aliquam convallis nunc.');
INSERT INTO avis ("id_objet", "id_user", "date_avis", "note", "commentaire") VALUES (11, 7, TO_DATE('2022-06-28', 'YYYY-MM-DD'), 10, 'Praesent blandit lacinia erat. Vestibulum sed magna at nunc commodo placerat.');
INSERT INTO avis ("id_objet", "id_user", "date_avis", "note", "commentaire") VALUES (1, 2, TO_DATE('2022-12-23', 'YYYY-MM-DD'), 1, 'Vestibulum quam sapien, varius ut, blandit non, interdum in, ante. Vestibulum ante ipsum primis in faucibus orci luctus et ultrices posuere cubilia Curae; Duis faucibus accumsan odio.');
INSERT INTO avis ("id_objet", "id_user", "date_avis", "note", "commentaire") VALUES (12, 1, TO_DATE('2022-10-03', 'YYYY-MM-DD'), 8, 'Nulla facilisi. Cras non velit nec nisi vulputate nonummy.');
INSERT INTO avis ("id_objet", "id_user", "date_avis", "note", "commentaire") VALUES (12, 11, TO_DATE('2022-12-25', 'YYYY-MM-DD'), 19, 'In congue. Etiam justo.');
INSERT INTO avis ("id_objet", "id_user", "date_avis", "note", "commentaire") VALUES (12, 12, TO_DATE('2022-09-27', 'YYYY-MM-DD'), 17, 'Donec quis orci eget orci vehicula condimentum.');
INSERT INTO avis ("id_objet", "id_user", "date_avis", "note", "commentaire") VALUES (12, 13, TO_DATE('2022-12-17', 'YYYY-MM-DD'), 16, 'Nulla mollis molestie lorem.');
INSERT INTO avis ("id_objet", "id_user", "date_avis", "note", "commentaire") VALUES (12, 15, TO_DATE('2022-10-22', 'YYYY-MM-DD'), 2, 'Duis at velit eu est congue elementum. In hac habitasse platea dictumst.');
INSERT INTO avis ("id_objet", "id_user", "date_avis", "note", "commentaire") VALUES (12, 2, TO_DATE('2022-09-24', 'YYYY-MM-DD'), 3, 'Donec ut dolor. Morbi vel lectus in quam fringilla rhoncus. Mauris enim leo, rhoncus sed, vestibulum sit amet, cursus id, turpis.');
INSERT INTO avis ("id_objet", "id_user", "date_avis", "note", "commentaire") VALUES (12, 3, TO_DATE('2022-08-20', 'YYYY-MM-DD'), 9, 'Cras mi pede, malesuada in, imperdiet et, commodo vulputate, justo. In blandit ultrices enim.');
INSERT INTO avis ("id_objet", "id_user", "date_avis", "note", "commentaire") VALUES (12, 4, TO_DATE('2022-09-27', 'YYYY-MM-DD'), 2, 'Pellentesque ultrices mattis odio.');
INSERT INTO avis ("id_objet", "id_user", "date_avis", "note", "commentaire") VALUES (12, 6, TO_DATE('2022-10-15', 'YYYY-MM-DD'), 18, 'In sagittis dui vel nisl. Duis ac nibh.');
INSERT INTO avis ("id_objet", "id_user", "date_avis", "note", "commentaire") VALUES (12, 9, TO_DATE('2022-11-27', 'YYYY-MM-DD'), 3, 'In est risus, auctor sed, tristique in, tempus sit amet, sem.');
INSERT INTO avis ("id_objet", "id_user", "date_avis", "note", "commentaire") VALUES (1, 3, TO_DATE('2022-11-18', 'YYYY-MM-DD'), 12, 'Ut tellus. Nulla ut erat id mauris vulputate elementum. Nullam varius.');
INSERT INTO avis ("id_objet", "id_user", "date_avis", "note", "commentaire") VALUES (13, 1, TO_DATE('2022-07-06', 'YYYY-MM-DD'), 6, 'Fusce posuere felis sed lacus.');
INSERT INTO avis ("id_objet", "id_user", "date_avis", "note", "commentaire") VALUES (13, 12, TO_DATE('2022-10-17', 'YYYY-MM-DD'), 16, 'Nullam varius. Nulla facilisi. Cras non velit nec nisi vulputate nonummy.');
INSERT INTO avis ("id_objet", "id_user", "date_avis", "note", "commentaire") VALUES (13, 14, TO_DATE('2022-08-28', 'YYYY-MM-DD'), 5, 'Sed sagittis.');
INSERT INTO avis ("id_objet", "id_user", "date_avis", "note", "commentaire") VALUES (13, 15, TO_DATE('2022-12-02', 'YYYY-MM-DD'), 9, 'Lorem ipsum dolor sit amet, consectetuer adipiscing elit. Proin risus.');
INSERT INTO avis ("id_objet", "id_user", "date_avis", "note", "commentaire") VALUES (13, 3, TO_DATE('2022-11-22', 'YYYY-MM-DD'), 8, 'Proin leo odio, porttitor id, consequat in, consequat ut, nulla. Sed accumsan felis.');
INSERT INTO avis ("id_objet", "id_user", "date_avis", "note", "commentaire") VALUES (13, 4, TO_DATE('2022-10-09', 'YYYY-MM-DD'), 5, 'Maecenas pulvinar lobortis est. Phasellus sit amet erat. Nulla tempus.');
INSERT INTO avis ("id_objet", "id_user", "date_avis", "note", "commentaire") VALUES (13, 6, TO_DATE('2022-09-05', 'YYYY-MM-DD'), 2, 'Etiam pretium iaculis justo.');
INSERT INTO avis ("id_objet", "id_user", "date_avis", "note", "commentaire") VALUES (13, 7, TO_DATE('2022-11-16', 'YYYY-MM-DD'), 6, 'Proin eu mi.');
INSERT INTO avis ("id_objet", "id_user", "date_avis", "note", "commentaire") VALUES (13, 8, TO_DATE('2022-10-02', 'YYYY-MM-DD'), 13, 'In tempor, turpis nec euismod scelerisque, quam turpis adipiscing lorem, vitae mattis nibh ligula nec sem. Duis aliquam convallis nunc.');
INSERT INTO avis ("id_objet", "id_user", "date_avis", "note", "commentaire") VALUES (13, 9, TO_DATE('2022-07-06', 'YYYY-MM-DD'), 8, 'In sagittis dui vel nisl. Duis ac nibh. Fusce lacus purus, aliquet at, feugiat non, pretium quis, lectus.');
INSERT INTO avis ("id_objet", "id_user", "date_avis", "note", "commentaire") VALUES (1, 4, TO_DATE('2022-07-30', 'YYYY-MM-DD'), 8, 'Integer tincidunt ante vel ipsum.');
INSERT INTO avis ("id_objet", "id_user", "date_avis", "note", "commentaire") VALUES (14, 10, TO_DATE('2022-09-02', 'YYYY-MM-DD'), 5, 'Mauris ullamcorper purus sit amet nulla. Quisque arcu libero, rutrum ac, lobortis vel, dapibus at, diam. Nam tristique tortor eu pede.');
INSERT INTO avis ("id_objet", "id_user", "date_avis", "note", "commentaire") VALUES (14, 11, TO_DATE('2022-07-13', 'YYYY-MM-DD'), 2, 'Phasellus sit amet erat.');
INSERT INTO avis ("id_objet", "id_user", "date_avis", "note", "commentaire") VALUES (14, 12, TO_DATE('2022-10-27', 'YYYY-MM-DD'), 9, 'Vestibulum ante ipsum primis in faucibus orci luctus et ultrices posuere cubilia Curae; Donec pharetra, magna vestibulum aliquet ultrices, erat tortor sollicitudin mi, sit amet lobortis sapien sapien non mi. Integer ac neque.');
INSERT INTO avis ("id_objet", "id_user", "date_avis", "note", "commentaire") VALUES (14, 13, TO_DATE('2022-07-07', 'YYYY-MM-DD'), 20, 'Quisque ut erat. Curabitur gravida nisi at nibh. In hac habitasse platea dictumst.');
INSERT INTO avis ("id_objet", "id_user", "date_avis", "note", "commentaire") VALUES (14, 15, TO_DATE('2022-11-17', 'YYYY-MM-DD'), 8, 'Morbi porttitor lorem id ligula.');
INSERT INTO avis ("id_objet", "id_user", "date_avis", "note", "commentaire") VALUES (14, 2, TO_DATE('2022-10-03', 'YYYY-MM-DD'), 13, 'Pellentesque at nulla.');
INSERT INTO avis ("id_objet", "id_user", "date_avis", "note", "commentaire") VALUES (14, 4, TO_DATE('2022-12-10', 'YYYY-MM-DD'), 17, 'Nullam varius.');
INSERT INTO avis ("id_objet", "id_user", "date_avis", "note", "commentaire") VALUES (14, 6, TO_DATE('2022-07-07', 'YYYY-MM-DD'), 19, 'Integer ac leo. Pellentesque ultrices mattis odio. Donec vitae nisi.');
INSERT INTO avis ("id_objet", "id_user", "date_avis", "note", "commentaire") VALUES (14, 7, TO_DATE('2022-12-23', 'YYYY-MM-DD'), 2, 'Duis bibendum, felis sed interdum venenatis, turpis enim blandit mi, in porttitor pede justo eu massa. Donec dapibus.');
INSERT INTO avis ("id_objet", "id_user", "date_avis", "note", "commentaire") VALUES (14, 9, TO_DATE('2022-10-27', 'YYYY-MM-DD'), 15, 'Nam ultrices, libero non mattis pulvinar, nulla pede ullamcorper augue, a suscipit nulla elit ac nulla. Sed vel enim sit amet nunc viverra dapibus. Nulla suscipit ligula in lacus.');
INSERT INTO avis ("id_objet", "id_user", "date_avis", "note", "commentaire") VALUES (1, 5, TO_DATE('2022-11-01', 'YYYY-MM-DD'), 8, 'Aenean fermentum.');
INSERT INTO avis ("id_objet", "id_user", "date_avis", "note", "commentaire") VALUES (15, 1, TO_DATE('2022-08-23', 'YYYY-MM-DD'), 13, 'Maecenas ut massa quis augue luctus tincidunt. Nulla mollis molestie lorem.');
INSERT INTO avis ("id_objet", "id_user", "date_avis", "note", "commentaire") VALUES (15, 12, TO_DATE('2022-11-13', 'YYYY-MM-DD'), 2, 'Nulla facilisi. Cras non velit nec nisi vulputate nonummy.');
INSERT INTO avis ("id_objet", "id_user", "date_avis", "note", "commentaire") VALUES (15, 3, TO_DATE('2022-10-13', 'YYYY-MM-DD'), 5, 'In sagittis dui vel nisl. Duis ac nibh. Fusce lacus purus, aliquet at, feugiat non, pretium quis, lectus.');
INSERT INTO avis ("id_objet", "id_user", "date_avis", "note", "commentaire") VALUES (15, 5, TO_DATE('2022-12-12', 'YYYY-MM-DD'), 3, 'Aenean auctor gravida sem. Praesent id massa id nisl venenatis lacinia. Aenean sit amet justo.');
INSERT INTO avis ("id_objet", "id_user", "date_avis", "note", "commentaire") VALUES (15, 6, TO_DATE('2022-11-25', 'YYYY-MM-DD'), 2, 'Morbi sem mauris, laoreet ut, rhoncus aliquet, pulvinar sed, nisl.');
INSERT INTO avis ("id_objet", "id_user", "date_avis", "note", "commentaire") VALUES (15, 7, TO_DATE('2022-09-09', 'YYYY-MM-DD'), 18, 'Pellentesque at nulla. Suspendisse potenti.');
INSERT INTO avis ("id_objet", "id_user", "date_avis", "note", "commentaire") VALUES (15, 8, TO_DATE('2022-08-17', 'YYYY-MM-DD'), 17, 'Nunc nisl. Duis bibendum, felis sed interdum venenatis, turpis enim blandit mi, in porttitor pede justo eu massa. Donec dapibus.');
INSERT INTO avis ("id_objet", "id_user", "date_avis", "note", "commentaire") VALUES (1, 6, TO_DATE('2022-10-12', 'YYYY-MM-DD'), 19, 'Aliquam sit amet diam in magna bibendum imperdiet. Nullam orci pede, venenatis non, sodales sed, tincidunt eu, felis. Fusce posuere felis sed lacus.');
INSERT INTO avis ("id_objet", "id_user", "date_avis", "note", "commentaire") VALUES (16, 1, TO_DATE('2022-10-19', 'YYYY-MM-DD'), 9, 'Phasellus sit amet erat.');
INSERT INTO avis ("id_objet", "id_user", "date_avis", "note", "commentaire") VALUES (16, 10, TO_DATE('2022-08-04', 'YYYY-MM-DD'), 7, 'Donec ut mauris eget massa tempor convallis. Nulla neque libero, convallis eget, eleifend luctus, ultricies eu, nibh. Quisque id justo sit amet sapien dignissim vestibulum.');
INSERT INTO avis ("id_objet", "id_user", "date_avis", "note", "commentaire") VALUES (16, 11, TO_DATE('2022-07-24', 'YYYY-MM-DD'), 3, 'Cras in purus eu magna vulputate luctus.');
INSERT INTO avis ("id_objet", "id_user", "date_avis", "note", "commentaire") VALUES (16, 12, TO_DATE('2022-11-12', 'YYYY-MM-DD'), 1, 'In sagittis dui vel nisl.');
INSERT INTO avis ("id_objet", "id_user", "date_avis", "note", "commentaire") VALUES (16, 13, TO_DATE('2022-06-29', 'YYYY-MM-DD'), 13, 'Maecenas tristique, est et tempus semper, est quam pharetra magna, ac consequat metus sapien ut nunc. Vestibulum ante ipsum primis in faucibus orci luctus et ultrices posuere cubilia Curae; Mauris viverra diam vitae quam.');
INSERT INTO avis ("id_objet", "id_user", "date_avis", "note", "commentaire") VALUES (16, 14, TO_DATE('2022-12-16', 'YYYY-MM-DD'), 4, 'Nam dui. Proin leo odio, porttitor id, consequat in, consequat ut, nulla. Sed accumsan felis.');
INSERT INTO avis ("id_objet", "id_user", "date_avis", "note", "commentaire") VALUES (16, 15, TO_DATE('2022-08-08', 'YYYY-MM-DD'), 13, 'Nulla tellus. In sagittis dui vel nisl.');
INSERT INTO avis ("id_objet", "id_user", "date_avis", "note", "commentaire") VALUES (16, 3, TO_DATE('2022-11-13', 'YYYY-MM-DD'), 14, 'Phasellus id sapien in sapien iaculis congue.');
INSERT INTO avis ("id_objet", "id_user", "date_avis", "note", "commentaire") VALUES (16, 4, TO_DATE('2022-08-21', 'YYYY-MM-DD'), 16, 'Aenean lectus. Pellentesque eget nunc.');
INSERT INTO avis ("id_objet", "id_user", "date_avis", "note", "commentaire") VALUES (16, 5, TO_DATE('2022-10-03', 'YYYY-MM-DD'), 20, 'In congue. Etiam justo. Etiam pretium iaculis justo.');
INSERT INTO avis ("id_objet", "id_user", "date_avis", "note", "commentaire") VALUES (16, 6, TO_DATE('2022-11-19', 'YYYY-MM-DD'), 2, 'Fusce posuere felis sed lacus. Morbi sem mauris, laoreet ut, rhoncus aliquet, pulvinar sed, nisl.');
INSERT INTO avis ("id_objet", "id_user", "date_avis", "note", "commentaire") VALUES (16, 7, TO_DATE('2022-08-02', 'YYYY-MM-DD'), 10, 'Maecenas leo odio, condimentum id, luctus nec, molestie sed, justo. Pellentesque viverra pede ac diam. Cras pellentesque volutpat dui.');
INSERT INTO avis ("id_objet", "id_user", "date_avis", "note", "commentaire") VALUES (16, 8, TO_DATE('2022-10-31', 'YYYY-MM-DD'), 18, 'Quisque erat eros, viverra eget, congue eget, semper rutrum, nulla. Nunc purus. Phasellus in felis.');
INSERT INTO avis ("id_objet", "id_user", "date_avis", "note", "commentaire") VALUES (17, 1, TO_DATE('2022-09-04', 'YYYY-MM-DD'), 12, 'Vivamus in felis eu sapien cursus vestibulum. Proin eu mi.');
INSERT INTO avis ("id_objet", "id_user", "date_avis", "note", "commentaire") VALUES (17, 11, TO_DATE('2022-08-26', 'YYYY-MM-DD'), 13, 'Pellentesque eget nunc.');
INSERT INTO avis ("id_objet", "id_user", "date_avis", "note", "commentaire") VALUES (17, 12, TO_DATE('2022-11-01', 'YYYY-MM-DD'), 18, 'Fusce congue, diam id ornare imperdiet, sapien urna pretium nisl, ut volutpat sapien arcu sed augue. Aliquam erat volutpat.');
INSERT INTO avis ("id_objet", "id_user", "date_avis", "note", "commentaire") VALUES (17, 13, TO_DATE('2022-11-04', 'YYYY-MM-DD'), 13, 'Lorem ipsum dolor sit amet, consectetuer adipiscing elit.');
INSERT INTO avis ("id_objet", "id_user", "date_avis", "note", "commentaire") VALUES (17, 14, TO_DATE('2022-07-18', 'YYYY-MM-DD'), 19, 'Cum sociis natoque penatibus et magnis dis parturient montes, nascetur ridiculus mus.');
INSERT INTO avis ("id_objet", "id_user", "date_avis", "note", "commentaire") VALUES (17, 15, TO_DATE('2022-07-15', 'YYYY-MM-DD'), 9, 'Aliquam sit amet diam in magna bibendum imperdiet.');
INSERT INTO avis ("id_objet", "id_user", "date_avis", "note", "commentaire") VALUES (17, 2, TO_DATE('2022-12-19', 'YYYY-MM-DD'), 15, 'Fusce lacus purus, aliquet at, feugiat non, pretium quis, lectus. Suspendisse potenti. In eleifend quam a odio.');
INSERT INTO avis ("id_objet", "id_user", "date_avis", "note", "commentaire") VALUES (17, 3, TO_DATE('2022-11-19', 'YYYY-MM-DD'), 19, 'Integer ac neque. Duis bibendum. Morbi non quam nec dui luctus rutrum.');
INSERT INTO avis ("id_objet", "id_user", "date_avis", "note", "commentaire") VALUES (17, 5, TO_DATE('2022-08-06', 'YYYY-MM-DD'), 19, 'Vivamus vel nulla eget eros elementum pellentesque. Quisque porta volutpat erat. Quisque erat eros, viverra eget, congue eget, semper rutrum, nulla.');
INSERT INTO avis ("id_objet", "id_user", "date_avis", "note", "commentaire") VALUES (17, 6, TO_DATE('2022-10-27', 'YYYY-MM-DD'), 12, 'Vestibulum ante ipsum primis in faucibus orci luctus et ultrices posuere cubilia Curae; Mauris viverra diam vitae quam. Suspendisse potenti.');
INSERT INTO avis ("id_objet", "id_user", "date_avis", "note", "commentaire") VALUES (17, 9, TO_DATE('2022-12-16', 'YYYY-MM-DD'), 7, 'Nulla suscipit ligula in lacus. Curabitur at ipsum ac tellus semper interdum. Mauris ullamcorper purus sit amet nulla.');
INSERT INTO avis ("id_objet", "id_user", "date_avis", "note", "commentaire") VALUES (18, 11, TO_DATE('2022-07-31', 'YYYY-MM-DD'), 15, 'Morbi non lectus. Aliquam sit amet diam in magna bibendum imperdiet. Nullam orci pede, venenatis non, sodales sed, tincidunt eu, felis.');
INSERT INTO avis ("id_objet", "id_user", "date_avis", "note", "commentaire") VALUES (18, 13, TO_DATE('2022-10-25', 'YYYY-MM-DD'), 7, 'Morbi quis tortor id nulla ultrices aliquet. Maecenas leo odio, condimentum id, luctus nec, molestie sed, justo.');
INSERT INTO avis ("id_objet", "id_user", "date_avis", "note", "commentaire") VALUES (18, 15, TO_DATE('2022-07-13', 'YYYY-MM-DD'), 14, 'Donec ut dolor.');
INSERT INTO avis ("id_objet", "id_user", "date_avis", "note", "commentaire") VALUES (18, 2, TO_DATE('2022-06-30', 'YYYY-MM-DD'), 18, 'Maecenas tristique, est et tempus semper, est quam pharetra magna, ac consequat metus sapien ut nunc. Vestibulum ante ipsum primis in faucibus orci luctus et ultrices posuere cubilia Curae; Mauris viverra diam vitae quam. Suspendisse potenti.');
INSERT INTO avis ("id_objet", "id_user", "date_avis", "note", "commentaire") VALUES (18, 4, TO_DATE('2022-11-07', 'YYYY-MM-DD'), 3, 'In hac habitasse platea dictumst. Etiam faucibus cursus urna. Ut tellus.');
INSERT INTO avis ("id_objet", "id_user", "date_avis", "note", "commentaire") VALUES (18, 5, TO_DATE('2022-08-17', 'YYYY-MM-DD'), 20, 'Duis mattis egestas metus.');
INSERT INTO avis ("id_objet", "id_user", "date_avis", "note", "commentaire") VALUES (18, 7, TO_DATE('2022-12-16', 'YYYY-MM-DD'), 3, 'Morbi vel lectus in quam fringilla rhoncus. Mauris enim leo, rhoncus sed, vestibulum sit amet, cursus id, turpis.');
INSERT INTO avis ("id_objet", "id_user", "date_avis", "note", "commentaire") VALUES (18, 8, TO_DATE('2022-08-07', 'YYYY-MM-DD'), 15, 'Integer aliquet, massa id lobortis convallis, tortor risus dapibus augue, vel accumsan tellus nisi eu orci. Mauris lacinia sapien quis libero.');
INSERT INTO avis ("id_objet", "id_user", "date_avis", "note", "commentaire") VALUES (1, 9, TO_DATE('2022-10-16', 'YYYY-MM-DD'), 20, 'Pellentesque ultrices mattis odio. Donec vitae nisi. Nam ultrices, libero non mattis pulvinar, nulla pede ullamcorper augue, a suscipit nulla elit ac nulla.');
INSERT INTO avis ("id_objet", "id_user", "date_avis", "note", "commentaire") VALUES (19, 1, TO_DATE('2022-07-05', 'YYYY-MM-DD'), 3, 'Proin eu mi.');
INSERT INTO avis ("id_objet", "id_user", "date_avis", "note", "commentaire") VALUES (19, 10, TO_DATE('2022-09-22', 'YYYY-MM-DD'), 7, 'Duis mattis egestas metus. Aenean fermentum. Donec ut mauris eget massa tempor convallis.');
INSERT INTO avis ("id_objet", "id_user", "date_avis", "note", "commentaire") VALUES (19, 11, TO_DATE('2022-11-03', 'YYYY-MM-DD'), 4, 'Nulla mollis molestie lorem. Quisque ut erat. Curabitur gravida nisi at nibh.');
INSERT INTO avis ("id_objet", "id_user", "date_avis", "note", "commentaire") VALUES (19, 13, TO_DATE('2022-11-09', 'YYYY-MM-DD'), 20, 'Cras mi pede, malesuada in, imperdiet et, commodo vulputate, justo. In blandit ultrices enim. Lorem ipsum dolor sit amet, consectetuer adipiscing elit.');
INSERT INTO avis ("id_objet", "id_user", "date_avis", "note", "commentaire") VALUES (19, 14, TO_DATE('2022-12-03', 'YYYY-MM-DD'), 17, 'Donec ut dolor. Morbi vel lectus in quam fringilla rhoncus.');
INSERT INTO avis ("id_objet", "id_user", "date_avis", "note", "commentaire") VALUES (19, 15, TO_DATE('2022-07-24', 'YYYY-MM-DD'), 7, 'Vestibulum ac est lacinia nisi venenatis tristique. Fusce congue, diam id ornare imperdiet, sapien urna pretium nisl, ut volutpat sapien arcu sed augue. Aliquam erat volutpat.');
INSERT INTO avis ("id_objet", "id_user", "date_avis", "note", "commentaire") VALUES (19, 2, TO_DATE('2022-08-30', 'YYYY-MM-DD'), 3, 'Vestibulum ante ipsum primis in faucibus orci luctus et ultrices posuere cubilia Curae; Nulla dapibus dolor vel est.');
INSERT INTO avis ("id_objet", "id_user", "date_avis", "note", "commentaire") VALUES (19, 3, TO_DATE('2022-08-30', 'YYYY-MM-DD'), 18, 'Morbi non quam nec dui luctus rutrum.');
INSERT INTO avis ("id_objet", "id_user", "date_avis", "note", "commentaire") VALUES (19, 8, TO_DATE('2022-09-09', 'YYYY-MM-DD'), 15, 'Pellentesque eget nunc. Donec quis orci eget orci vehicula condimentum. Curabitur in libero ut massa volutpat convallis.');
INSERT INTO avis ("id_objet", "id_user", "date_avis", "note", "commentaire") VALUES (19, 9, TO_DATE('2022-08-03', 'YYYY-MM-DD'), 1, 'Praesent lectus. Vestibulum quam sapien, varius ut, blandit non, interdum in, ante. Vestibulum ante ipsum primis in faucibus orci luctus et ultrices posuere cubilia Curae; Duis faucibus accumsan odio.');
INSERT INTO avis ("id_objet", "id_user", "date_avis", "note", "commentaire") VALUES (20, 1, TO_DATE('2022-07-25', 'YYYY-MM-DD'), 19, 'In hac habitasse platea dictumst. Aliquam augue quam, sollicitudin vitae, consectetuer eget, rutrum at, lorem. Integer tincidunt ante vel ipsum.');
INSERT INTO avis ("id_objet", "id_user", "date_avis", "note", "commentaire") VALUES (20, 10, TO_DATE('2022-07-21', 'YYYY-MM-DD'), 4, 'Proin eu mi.');
INSERT INTO avis ("id_objet", "id_user", "date_avis", "note", "commentaire") VALUES (20, 11, TO_DATE('2022-09-20', 'YYYY-MM-DD'), 3, 'Vestibulum ante ipsum primis in faucibus orci luctus et ultrices posuere cubilia Curae; Mauris viverra diam vitae quam. Suspendisse potenti. Nullam porttitor lacus at turpis.');
INSERT INTO avis ("id_objet", "id_user", "date_avis", "note", "commentaire") VALUES (20, 13, TO_DATE('2022-11-22', 'YYYY-MM-DD'), 8, 'Nulla ut erat id mauris vulputate elementum. Nullam varius. Nulla facilisi.');
INSERT INTO avis ("id_objet", "id_user", "date_avis", "note", "commentaire") VALUES (20, 14, TO_DATE('2022-12-13', 'YYYY-MM-DD'), 10, 'Mauris enim leo, rhoncus sed, vestibulum sit amet, cursus id, turpis. Integer aliquet, massa id lobortis convallis, tortor risus dapibus augue, vel accumsan tellus nisi eu orci.');
INSERT INTO avis ("id_objet", "id_user", "date_avis", "note", "commentaire") VALUES (20, 15, TO_DATE('2022-08-23', 'YYYY-MM-DD'), 3, 'Mauris sit amet eros. Suspendisse accumsan tortor quis turpis.');
INSERT INTO avis ("id_objet", "id_user", "date_avis", "note", "commentaire") VALUES (20, 2, TO_DATE('2022-12-14', 'YYYY-MM-DD'), 3, 'Morbi ut odio.');
INSERT INTO avis ("id_objet", "id_user", "date_avis", "note", "commentaire") VALUES (20, 3, TO_DATE('2022-07-24', 'YYYY-MM-DD'), 2, 'Etiam faucibus cursus urna. Ut tellus.');
INSERT INTO avis ("id_objet", "id_user", "date_avis", "note", "commentaire") VALUES (20, 4, TO_DATE('2022-09-28', 'YYYY-MM-DD'), 5, 'Vestibulum ante ipsum primis in faucibus orci luctus et ultrices posuere cubilia Curae; Donec pharetra, magna vestibulum aliquet ultrices, erat tortor sollicitudin mi, sit amet lobortis sapien sapien non mi. Integer ac neque.');
INSERT INTO avis ("id_objet", "id_user", "date_avis", "note", "commentaire") VALUES (20, 5, TO_DATE('2022-07-07', 'YYYY-MM-DD'), 18, 'Vestibulum ante ipsum primis in faucibus orci luctus et ultrices posuere cubilia Curae; Mauris viverra diam vitae quam. Suspendisse potenti. Nullam porttitor lacus at turpis.');
INSERT INTO avis ("id_objet", "id_user", "date_avis", "note", "commentaire") VALUES (20, 6, TO_DATE('2022-07-02', 'YYYY-MM-DD'), 16, 'Aenean sit amet justo. Morbi ut odio.');
INSERT INTO avis ("id_objet", "id_user", "date_avis", "note", "commentaire") VALUES (20, 8, TO_DATE('2022-06-30', 'YYYY-MM-DD'), 15, 'Quisque ut erat. Curabitur gravida nisi at nibh. In hac habitasse platea dictumst.');
INSERT INTO avis ("id_objet", "id_user", "date_avis", "note", "commentaire") VALUES (20, 9, TO_DATE('2022-08-29', 'YYYY-MM-DD'), 11, 'Sed vel enim sit amet nunc viverra dapibus. Nulla suscipit ligula in lacus.');
INSERT INTO avis ("id_objet", "id_user", "date_avis", "note", "commentaire") VALUES (2, 1, TO_DATE('2022-07-13', 'YYYY-MM-DD'), 13, 'Aliquam erat volutpat.');
INSERT INTO avis ("id_objet", "id_user", "date_avis", "note", "commentaire") VALUES (2, 10, TO_DATE('2022-12-08', 'YYYY-MM-DD'), 15, 'Ut tellus. Nulla ut erat id mauris vulputate elementum.');
INSERT INTO avis ("id_objet", "id_user", "date_avis", "note", "commentaire") VALUES (2, 11, TO_DATE('2022-07-15', 'YYYY-MM-DD'), 11, 'Morbi quis tortor id nulla ultrices aliquet. Maecenas leo odio, condimentum id, luctus nec, molestie sed, justo.');
INSERT INTO avis ("id_objet", "id_user", "date_avis", "note", "commentaire") VALUES (21, 1, TO_DATE('2022-11-29', 'YYYY-MM-DD'), 13, 'Nulla ac enim. In tempor, turpis nec euismod scelerisque, quam turpis adipiscing lorem, vitae mattis nibh ligula nec sem. Duis aliquam convallis nunc.');
INSERT INTO avis ("id_objet", "id_user", "date_avis", "note", "commentaire") VALUES (21, 10, TO_DATE('2022-08-12', 'YYYY-MM-DD'), 8, 'Nam nulla.');
INSERT INTO avis ("id_objet", "id_user", "date_avis", "note", "commentaire") VALUES (21, 13, TO_DATE('2022-09-19', 'YYYY-MM-DD'), 8, 'Vestibulum quam sapien, varius ut, blandit non, interdum in, ante. Vestibulum ante ipsum primis in faucibus orci luctus et ultrices posuere cubilia Curae; Duis faucibus accumsan odio.');
INSERT INTO avis ("id_objet", "id_user", "date_avis", "note", "commentaire") VALUES (21, 14, TO_DATE('2022-11-11', 'YYYY-MM-DD'), 7, 'Etiam pretium iaculis justo. In hac habitasse platea dictumst. Etiam faucibus cursus urna.');
INSERT INTO avis ("id_objet", "id_user", "date_avis", "note", "commentaire") VALUES (2, 12, TO_DATE('2022-09-17', 'YYYY-MM-DD'), 10, 'Sed vel enim sit amet nunc viverra dapibus.');
INSERT INTO avis ("id_objet", "id_user", "date_avis", "note", "commentaire") VALUES (2, 13, TO_DATE('2022-09-17', 'YYYY-MM-DD'), 11, 'In hac habitasse platea dictumst. Etiam faucibus cursus urna.');
INSERT INTO avis ("id_objet", "id_user", "date_avis", "note", "commentaire") VALUES (21, 3, TO_DATE('2022-07-02', 'YYYY-MM-DD'), 9, 'Nulla justo. Aliquam quis turpis eget elit sodales scelerisque.');
INSERT INTO avis ("id_objet", "id_user", "date_avis", "note", "commentaire") VALUES (2, 14, TO_DATE('2022-10-12', 'YYYY-MM-DD'), 8, 'Duis bibendum. Morbi non quam nec dui luctus rutrum.');
INSERT INTO avis ("id_objet", "id_user", "date_avis", "note", "commentaire") VALUES (21, 4, TO_DATE('2022-08-07', 'YYYY-MM-DD'), 19, 'Aenean fermentum.');
INSERT INTO avis ("id_objet", "id_user", "date_avis", "note", "commentaire") VALUES (2, 15, TO_DATE('2022-09-19', 'YYYY-MM-DD'), 7, 'Etiam justo.');
INSERT INTO avis ("id_objet", "id_user", "date_avis", "note", "commentaire") VALUES (21, 5, TO_DATE('2022-07-18', 'YYYY-MM-DD'), 20, 'In hac habitasse platea dictumst. Morbi vestibulum, velit id pretium iaculis, diam erat fermentum justo, nec condimentum neque sapien placerat ante. Nulla justo.');
INSERT INTO avis ("id_objet", "id_user", "date_avis", "note", "commentaire") VALUES (21, 6, TO_DATE('2022-11-23', 'YYYY-MM-DD'), 18, 'Integer pede justo, lacinia eget, tincidunt eget, tempus vel, pede.');
INSERT INTO avis ("id_objet", "id_user", "date_avis", "note", "commentaire") VALUES (21, 7, TO_DATE('2022-10-20', 'YYYY-MM-DD'), 13, 'Phasellus in felis. Donec semper sapien a libero.');
INSERT INTO avis ("id_objet", "id_user", "date_avis", "note", "commentaire") VALUES (21, 9, TO_DATE('2022-10-28', 'YYYY-MM-DD'), 1, 'Integer pede justo, lacinia eget, tincidunt eget, tempus vel, pede. Morbi porttitor lorem id ligula. Suspendisse ornare consequat lectus.');
INSERT INTO avis ("id_objet", "id_user", "date_avis", "note", "commentaire") VALUES (2, 2, TO_DATE('2022-12-01', 'YYYY-MM-DD'), 5, 'Morbi porttitor lorem id ligula. Suspendisse ornare consequat lectus. In est risus, auctor sed, tristique in, tempus sit amet, sem.');
INSERT INTO avis ("id_objet", "id_user", "date_avis", "note", "commentaire") VALUES (22, 11, TO_DATE('2022-11-03', 'YYYY-MM-DD'), 20, 'Aliquam quis turpis eget elit sodales scelerisque. Mauris sit amet eros. Suspendisse accumsan tortor quis turpis.');
INSERT INTO avis ("id_objet", "id_user", "date_avis", "note", "commentaire") VALUES (22, 12, TO_DATE('2022-11-28', 'YYYY-MM-DD'), 3, 'Fusce lacus purus, aliquet at, feugiat non, pretium quis, lectus.');
INSERT INTO avis ("id_objet", "id_user", "date_avis", "note", "commentaire") VALUES (22, 14, TO_DATE('2022-08-08', 'YYYY-MM-DD'), 17, 'Curabitur at ipsum ac tellus semper interdum.');
INSERT INTO avis ("id_objet", "id_user", "date_avis", "note", "commentaire") VALUES (22, 4, TO_DATE('2022-10-12', 'YYYY-MM-DD'), 2, 'Vestibulum ante ipsum primis in faucibus orci luctus et ultrices posuere cubilia Curae; Duis faucibus accumsan odio. Curabitur convallis.');
INSERT INTO avis ("id_objet", "id_user", "date_avis", "note", "commentaire") VALUES (22, 5, TO_DATE('2022-10-04', 'YYYY-MM-DD'), 8, 'Curabitur in libero ut massa volutpat convallis. Morbi odio odio, elementum eu, interdum eu, tincidunt in, leo. Maecenas pulvinar lobortis est.');
INSERT INTO avis ("id_objet", "id_user", "date_avis", "note", "commentaire") VALUES (22, 8, TO_DATE('2022-11-27', 'YYYY-MM-DD'), 7, 'Quisque porta volutpat erat.');
INSERT INTO avis ("id_objet", "id_user", "date_avis", "note", "commentaire") VALUES (22, 9, TO_DATE('2022-08-09', 'YYYY-MM-DD'), 9, 'Fusce consequat. Nulla nisl.');
INSERT INTO avis ("id_objet", "id_user", "date_avis", "note", "commentaire") VALUES (2, 3, TO_DATE('2022-12-20', 'YYYY-MM-DD'), 7, 'Morbi non lectus. Aliquam sit amet diam in magna bibendum imperdiet.');
INSERT INTO avis ("id_objet", "id_user", "date_avis", "note", "commentaire") VALUES (23, 1, TO_DATE('2022-12-06', 'YYYY-MM-DD'), 3, 'Nulla facilisi. Cras non velit nec nisi vulputate nonummy.');
INSERT INTO avis ("id_objet", "id_user", "date_avis", "note", "commentaire") VALUES (23, 11, TO_DATE('2022-09-27', 'YYYY-MM-DD'), 8, 'Aliquam non mauris. Morbi non lectus.');
INSERT INTO avis ("id_objet", "id_user", "date_avis", "note", "commentaire") VALUES (23, 12, TO_DATE('2022-08-17', 'YYYY-MM-DD'), 16, 'Vivamus tortor. Duis mattis egestas metus.');
INSERT INTO avis ("id_objet", "id_user", "date_avis", "note", "commentaire") VALUES (23, 14, TO_DATE('2022-12-15', 'YYYY-MM-DD'), 8, 'In hac habitasse platea dictumst. Maecenas ut massa quis augue luctus tincidunt.');
INSERT INTO avis ("id_objet", "id_user", "date_avis", "note", "commentaire") VALUES (23, 15, TO_DATE('2022-07-28', 'YYYY-MM-DD'), 20, 'Proin eu mi. Nulla ac enim.');
INSERT INTO avis ("id_objet", "id_user", "date_avis", "note", "commentaire") VALUES (23, 3, TO_DATE('2022-11-29', 'YYYY-MM-DD'), 18, 'Ut at dolor quis odio consequat varius. Integer ac leo. Pellentesque ultrices mattis odio.');
INSERT INTO avis ("id_objet", "id_user", "date_avis", "note", "commentaire") VALUES (23, 4, TO_DATE('2022-12-05', 'YYYY-MM-DD'), 12, 'Vestibulum ante ipsum primis in faucibus orci luctus et ultrices posuere cubilia Curae; Donec pharetra, magna vestibulum aliquet ultrices, erat tortor sollicitudin mi, sit amet lobortis sapien sapien non mi.');
INSERT INTO avis ("id_objet", "id_user", "date_avis", "note", "commentaire") VALUES (23, 5, TO_DATE('2022-07-06', 'YYYY-MM-DD'), 10, 'Duis mattis egestas metus. Aenean fermentum.');
INSERT INTO avis ("id_objet", "id_user", "date_avis", "note", "commentaire") VALUES (23, 6, TO_DATE('2022-09-06', 'YYYY-MM-DD'), 14, 'Mauris lacinia sapien quis libero.');
INSERT INTO avis ("id_objet", "id_user", "date_avis", "note", "commentaire") VALUES (23, 7, TO_DATE('2022-10-17', 'YYYY-MM-DD'), 19, 'Mauris sit amet eros. Suspendisse accumsan tortor quis turpis. Sed ante.');
INSERT INTO avis ("id_objet", "id_user", "date_avis", "note", "commentaire") VALUES (23, 8, TO_DATE('2022-12-04', 'YYYY-MM-DD'), 15, 'Maecenas tincidunt lacus at velit. Vivamus vel nulla eget eros elementum pellentesque.');
INSERT INTO avis ("id_objet", "id_user", "date_avis", "note", "commentaire") VALUES (23, 9, TO_DATE('2022-06-28', 'YYYY-MM-DD'), 10, 'Nulla ac enim.');
INSERT INTO avis ("id_objet", "id_user", "date_avis", "note", "commentaire") VALUES (2, 4, TO_DATE('2022-09-24', 'YYYY-MM-DD'), 12, 'Morbi vestibulum, velit id pretium iaculis, diam erat fermentum justo, nec condimentum neque sapien placerat ante. Nulla justo.');
INSERT INTO avis ("id_objet", "id_user", "date_avis", "note", "commentaire") VALUES (24, 12, TO_DATE('2022-11-22', 'YYYY-MM-DD'), 9, 'Vivamus vel nulla eget eros elementum pellentesque. Quisque porta volutpat erat.');
INSERT INTO avis ("id_objet", "id_user", "date_avis", "note", "commentaire") VALUES (24, 13, TO_DATE('2022-12-04', 'YYYY-MM-DD'), 6, 'Vivamus metus arcu, adipiscing molestie, hendrerit at, vulputate vitae, nisl. Aenean lectus.');
INSERT INTO avis ("id_objet", "id_user", "date_avis", "note", "commentaire") VALUES (24, 14, TO_DATE('2022-11-30', 'YYYY-MM-DD'), 17, 'Nulla facilisi. Cras non velit nec nisi vulputate nonummy. Maecenas tincidunt lacus at velit.');
INSERT INTO avis ("id_objet", "id_user", "date_avis", "note", "commentaire") VALUES (24, 15, TO_DATE('2022-08-09', 'YYYY-MM-DD'), 18, 'Nulla justo. Aliquam quis turpis eget elit sodales scelerisque.');
INSERT INTO avis ("id_objet", "id_user", "date_avis", "note", "commentaire") VALUES (24, 3, TO_DATE('2022-10-02', 'YYYY-MM-DD'), 17, 'Vestibulum sed magna at nunc commodo placerat. Praesent blandit. Nam nulla.');
INSERT INTO avis ("id_objet", "id_user", "date_avis", "note", "commentaire") VALUES (24, 4, TO_DATE('2022-07-23', 'YYYY-MM-DD'), 4, 'Nullam sit amet turpis elementum ligula vehicula consequat. Morbi a ipsum. Integer a nibh.');
INSERT INTO avis ("id_objet", "id_user", "date_avis", "note", "commentaire") VALUES (24, 5, TO_DATE('2022-07-10', 'YYYY-MM-DD'), 2, 'Nulla tempus. Vivamus in felis eu sapien cursus vestibulum.');
INSERT INTO avis ("id_objet", "id_user", "date_avis", "note", "commentaire") VALUES (24, 7, TO_DATE('2022-12-02', 'YYYY-MM-DD'), 18, 'Proin interdum mauris non ligula pellentesque ultrices. Phasellus id sapien in sapien iaculis congue. Vivamus metus arcu, adipiscing molestie, hendrerit at, vulputate vitae, nisl.');
INSERT INTO avis ("id_objet", "id_user", "date_avis", "note", "commentaire") VALUES (24, 8, TO_DATE('2022-12-17', 'YYYY-MM-DD'), 17, 'Ut at dolor quis odio consequat varius. Integer ac leo.');
INSERT INTO avis ("id_objet", "id_user", "date_avis", "note", "commentaire") VALUES (24, 9, TO_DATE('2022-12-05', 'YYYY-MM-DD'), 13, 'Duis ac nibh.');
INSERT INTO avis ("id_objet", "id_user", "date_avis", "note", "commentaire") VALUES (2, 5, TO_DATE('2022-11-26', 'YYYY-MM-DD'), 14, 'Aenean lectus.');
INSERT INTO avis ("id_objet", "id_user", "date_avis", "note", "commentaire") VALUES (25, 1, TO_DATE('2022-09-21', 'YYYY-MM-DD'), 12, 'Proin interdum mauris non ligula pellentesque ultrices. Phasellus id sapien in sapien iaculis congue. Vivamus metus arcu, adipiscing molestie, hendrerit at, vulputate vitae, nisl.');
INSERT INTO avis ("id_objet", "id_user", "date_avis", "note", "commentaire") VALUES (25, 10, TO_DATE('2022-12-02', 'YYYY-MM-DD'), 10, 'Sed vel enim sit amet nunc viverra dapibus.');
INSERT INTO avis ("id_objet", "id_user", "date_avis", "note", "commentaire") VALUES (25, 11, TO_DATE('2022-09-18', 'YYYY-MM-DD'), 8, 'Proin eu mi.');
INSERT INTO avis ("id_objet", "id_user", "date_avis", "note", "commentaire") VALUES (25, 12, TO_DATE('2022-11-03', 'YYYY-MM-DD'), 17, 'Donec quis orci eget orci vehicula condimentum. Curabitur in libero ut massa volutpat convallis.');
INSERT INTO avis ("id_objet", "id_user", "date_avis", "note", "commentaire") VALUES (25, 14, TO_DATE('2022-10-17', 'YYYY-MM-DD'), 3, 'Phasellus in felis. Donec semper sapien a libero.');
INSERT INTO avis ("id_objet", "id_user", "date_avis", "note", "commentaire") VALUES (25, 2, TO_DATE('2022-09-27', 'YYYY-MM-DD'), 20, 'Integer aliquet, massa id lobortis convallis, tortor risus dapibus augue, vel accumsan tellus nisi eu orci. Mauris lacinia sapien quis libero. Nullam sit amet turpis elementum ligula vehicula consequat.');
INSERT INTO avis ("id_objet", "id_user", "date_avis", "note", "commentaire") VALUES (25, 3, TO_DATE('2022-10-02', 'YYYY-MM-DD'), 16, 'Maecenas tincidunt lacus at velit. Vivamus vel nulla eget eros elementum pellentesque. Quisque porta volutpat erat.');
INSERT INTO avis ("id_objet", "id_user", "date_avis", "note", "commentaire") VALUES (25, 4, TO_DATE('2022-08-06', 'YYYY-MM-DD'), 15, 'Lorem ipsum dolor sit amet, consectetuer adipiscing elit. Proin interdum mauris non ligula pellentesque ultrices.');
INSERT INTO avis ("id_objet", "id_user", "date_avis", "note", "commentaire") VALUES (25, 5, TO_DATE('2022-07-26', 'YYYY-MM-DD'), 2, 'Fusce posuere felis sed lacus. Morbi sem mauris, laoreet ut, rhoncus aliquet, pulvinar sed, nisl. Nunc rhoncus dui vel sem.');
INSERT INTO avis ("id_objet", "id_user", "date_avis", "note", "commentaire") VALUES (25, 7, TO_DATE('2022-08-13', 'YYYY-MM-DD'), 13, 'Aliquam non mauris. Morbi non lectus. Aliquam sit amet diam in magna bibendum imperdiet.');
INSERT INTO avis ("id_objet", "id_user", "date_avis", "note", "commentaire") VALUES (25, 8, TO_DATE('2022-10-26', 'YYYY-MM-DD'), 15, 'Morbi quis tortor id nulla ultrices aliquet. Maecenas leo odio, condimentum id, luctus nec, molestie sed, justo.');
INSERT INTO avis ("id_objet", "id_user", "date_avis", "note", "commentaire") VALUES (2, 6, TO_DATE('2022-08-12', 'YYYY-MM-DD'), 9, 'Mauris ullamcorper purus sit amet nulla. Quisque arcu libero, rutrum ac, lobortis vel, dapibus at, diam. Nam tristique tortor eu pede.');
INSERT INTO avis ("id_objet", "id_user", "date_avis", "note", "commentaire") VALUES (26, 1, TO_DATE('2022-07-25', 'YYYY-MM-DD'), 17, 'Etiam faucibus cursus urna.');
INSERT INTO avis ("id_objet", "id_user", "date_avis", "note", "commentaire") VALUES (26, 10, TO_DATE('2022-07-26', 'YYYY-MM-DD'), 2, 'Nullam molestie nibh in lectus. Pellentesque at nulla. Suspendisse potenti.');
INSERT INTO avis ("id_objet", "id_user", "date_avis", "note", "commentaire") VALUES (26, 11, TO_DATE('2022-08-27', 'YYYY-MM-DD'), 11, 'Fusce lacus purus, aliquet at, feugiat non, pretium quis, lectus.');
INSERT INTO avis ("id_objet", "id_user", "date_avis", "note", "commentaire") VALUES (26, 12, TO_DATE('2022-12-01', 'YYYY-MM-DD'), 19, 'Suspendisse ornare consequat lectus. In est risus, auctor sed, tristique in, tempus sit amet, sem.');
INSERT INTO avis ("id_objet", "id_user", "date_avis", "note", "commentaire") VALUES (26, 13, TO_DATE('2022-11-16', 'YYYY-MM-DD'), 2, 'Curabitur in libero ut massa volutpat convallis.');
INSERT INTO avis ("id_objet", "id_user", "date_avis", "note", "commentaire") VALUES (26, 14, TO_DATE('2022-07-21', 'YYYY-MM-DD'), 12, 'In sagittis dui vel nisl. Duis ac nibh. Fusce lacus purus, aliquet at, feugiat non, pretium quis, lectus.');
INSERT INTO avis ("id_objet", "id_user", "date_avis", "note", "commentaire") VALUES (26, 15, TO_DATE('2022-10-09', 'YYYY-MM-DD'), 5, 'Suspendisse potenti. Nullam porttitor lacus at turpis. Donec posuere metus vitae ipsum.');
INSERT INTO avis ("id_objet", "id_user", "date_avis", "note", "commentaire") VALUES (26, 2, TO_DATE('2022-12-07', 'YYYY-MM-DD'), 6, 'Curabitur gravida nisi at nibh.');
INSERT INTO avis ("id_objet", "id_user", "date_avis", "note", "commentaire") VALUES (26, 4, TO_DATE('2022-12-26', 'YYYY-MM-DD'), 6, 'Vestibulum rutrum rutrum neque. Aenean auctor gravida sem.');
INSERT INTO avis ("id_objet", "id_user", "date_avis", "note", "commentaire") VALUES (26, 6, TO_DATE('2022-07-07', 'YYYY-MM-DD'), 4, 'In congue. Etiam justo. Etiam pretium iaculis justo.');
INSERT INTO avis ("id_objet", "id_user", "date_avis", "note", "commentaire") VALUES (26, 7, TO_DATE('2022-07-22', 'YYYY-MM-DD'), 11, 'Vivamus vestibulum sagittis sapien.');
INSERT INTO avis ("id_objet", "id_user", "date_avis", "note", "commentaire") VALUES (2, 7, TO_DATE('2022-07-07', 'YYYY-MM-DD'), 13, 'Donec ut mauris eget massa tempor convallis.');
INSERT INTO avis ("id_objet", "id_user", "date_avis", "note", "commentaire") VALUES (27, 1, TO_DATE('2022-09-27', 'YYYY-MM-DD'), 5, 'Vivamus vel nulla eget eros elementum pellentesque. Quisque porta volutpat erat.');
INSERT INTO avis ("id_objet", "id_user", "date_avis", "note", "commentaire") VALUES (27, 10, TO_DATE('2022-11-07', 'YYYY-MM-DD'), 2, 'Nulla ut erat id mauris vulputate elementum. Nullam varius. Nulla facilisi.');
INSERT INTO avis ("id_objet", "id_user", "date_avis", "note", "commentaire") VALUES (27, 11, TO_DATE('2022-11-11', 'YYYY-MM-DD'), 12, 'Morbi non quam nec dui luctus rutrum. Nulla tellus.');
INSERT INTO avis ("id_objet", "id_user", "date_avis", "note", "commentaire") VALUES (27, 12, TO_DATE('2022-07-05', 'YYYY-MM-DD'), 12, 'Nulla neque libero, convallis eget, eleifend luctus, ultricies eu, nibh.');
INSERT INTO avis ("id_objet", "id_user", "date_avis", "note", "commentaire") VALUES (27, 13, TO_DATE('2022-12-09', 'YYYY-MM-DD'), 12, 'Vestibulum ante ipsum primis in faucibus orci luctus et ultrices posuere cubilia Curae; Duis faucibus accumsan odio. Curabitur convallis.');
INSERT INTO avis ("id_objet", "id_user", "date_avis", "note", "commentaire") VALUES (27, 14, TO_DATE('2022-07-07', 'YYYY-MM-DD'), 19, 'Vestibulum sed magna at nunc commodo placerat.');
INSERT INTO avis ("id_objet", "id_user", "date_avis", "note", "commentaire") VALUES (27, 15, TO_DATE('2022-10-18', 'YYYY-MM-DD'), 2, 'Integer ac neque. Duis bibendum. Morbi non quam nec dui luctus rutrum.');
INSERT INTO avis ("id_objet", "id_user", "date_avis", "note", "commentaire") VALUES (27, 2, TO_DATE('2022-08-10', 'YYYY-MM-DD'), 7, 'Quisque erat eros, viverra eget, congue eget, semper rutrum, nulla. Nunc purus. Phasellus in felis.');
INSERT INTO avis ("id_objet", "id_user", "date_avis", "note", "commentaire") VALUES (27, 3, TO_DATE('2022-07-20', 'YYYY-MM-DD'), 6, 'Nunc rhoncus dui vel sem. Sed sagittis. Nam congue, risus semper porta volutpat, quam pede lobortis ligula, sit amet eleifend pede libero quis orci.');
INSERT INTO avis ("id_objet", "id_user", "date_avis", "note", "commentaire") VALUES (27, 4, TO_DATE('2022-12-18', 'YYYY-MM-DD'), 12, 'Vestibulum quam sapien, varius ut, blandit non, interdum in, ante.');
INSERT INTO avis ("id_objet", "id_user", "date_avis", "note", "commentaire") VALUES (27, 5, TO_DATE('2022-07-19', 'YYYY-MM-DD'), 7, 'In hac habitasse platea dictumst. Maecenas ut massa quis augue luctus tincidunt.');
INSERT INTO avis ("id_objet", "id_user", "date_avis", "note", "commentaire") VALUES (27, 6, TO_DATE('2022-07-12', 'YYYY-MM-DD'), 16, 'Aliquam non mauris. Morbi non lectus.');
INSERT INTO avis ("id_objet", "id_user", "date_avis", "note", "commentaire") VALUES (27, 8, TO_DATE('2022-08-13', 'YYYY-MM-DD'), 9, 'Praesent lectus. Vestibulum quam sapien, varius ut, blandit non, interdum in, ante. Vestibulum ante ipsum primis in faucibus orci luctus et ultrices posuere cubilia Curae; Duis faucibus accumsan odio.');
INSERT INTO avis ("id_objet", "id_user", "date_avis", "note", "commentaire") VALUES (27, 9, TO_DATE('2022-09-08', 'YYYY-MM-DD'), 18, 'Curabitur gravida nisi at nibh. In hac habitasse platea dictumst.');
INSERT INTO avis ("id_objet", "id_user", "date_avis", "note", "commentaire") VALUES (28, 1, TO_DATE('2022-09-28', 'YYYY-MM-DD'), 7, 'Donec quis orci eget orci vehicula condimentum. Curabitur in libero ut massa volutpat convallis.');
INSERT INTO avis ("id_objet", "id_user", "date_avis", "note", "commentaire") VALUES (28, 10, TO_DATE('2022-09-13', 'YYYY-MM-DD'), 18, 'Integer tincidunt ante vel ipsum.');
INSERT INTO avis ("id_objet", "id_user", "date_avis", "note", "commentaire") VALUES (28, 11, TO_DATE('2022-11-09', 'YYYY-MM-DD'), 13, 'Morbi ut odio. Cras mi pede, malesuada in, imperdiet et, commodo vulputate, justo.');
INSERT INTO avis ("id_objet", "id_user", "date_avis", "note", "commentaire") VALUES (28, 12, TO_DATE('2022-12-05', 'YYYY-MM-DD'), 5, 'Pellentesque at nulla. Suspendisse potenti.');
INSERT INTO avis ("id_objet", "id_user", "date_avis", "note", "commentaire") VALUES (28, 13, TO_DATE('2022-10-06', 'YYYY-MM-DD'), 8, 'Duis ac nibh. Fusce lacus purus, aliquet at, feugiat non, pretium quis, lectus.');
INSERT INTO avis ("id_objet", "id_user", "date_avis", "note", "commentaire") VALUES (28, 14, TO_DATE('2022-10-25', 'YYYY-MM-DD'), 12, 'Nulla justo. Aliquam quis turpis eget elit sodales scelerisque. Mauris sit amet eros.');
INSERT INTO avis ("id_objet", "id_user", "date_avis", "note", "commentaire") VALUES (28, 15, TO_DATE('2022-07-08', 'YYYY-MM-DD'), 7, 'Quisque ut erat.');
INSERT INTO avis ("id_objet", "id_user", "date_avis", "note", "commentaire") VALUES (28, 2, TO_DATE('2022-12-15', 'YYYY-MM-DD'), 5, 'Morbi a ipsum. Integer a nibh.');
INSERT INTO avis ("id_objet", "id_user", "date_avis", "note", "commentaire") VALUES (28, 3, TO_DATE('2022-10-04', 'YYYY-MM-DD'), 12, 'Morbi vel lectus in quam fringilla rhoncus. Mauris enim leo, rhoncus sed, vestibulum sit amet, cursus id, turpis. Integer aliquet, massa id lobortis convallis, tortor risus dapibus augue, vel accumsan tellus nisi eu orci.');
INSERT INTO avis ("id_objet", "id_user", "date_avis", "note", "commentaire") VALUES (28, 4, TO_DATE('2022-07-30', 'YYYY-MM-DD'), 20, 'Maecenas leo odio, condimentum id, luctus nec, molestie sed, justo. Pellentesque viverra pede ac diam.');
INSERT INTO avis ("id_objet", "id_user", "date_avis", "note", "commentaire") VALUES (28, 6, TO_DATE('2022-12-24', 'YYYY-MM-DD'), 17, 'Praesent id massa id nisl venenatis lacinia. Aenean sit amet justo.');
INSERT INTO avis ("id_objet", "id_user", "date_avis", "note", "commentaire") VALUES (28, 7, TO_DATE('2022-12-24', 'YYYY-MM-DD'), 18, 'Integer ac leo.');
INSERT INTO avis ("id_objet", "id_user", "date_avis", "note", "commentaire") VALUES (28, 9, TO_DATE('2022-07-30', 'YYYY-MM-DD'), 3, 'Integer non velit. Donec diam neque, vestibulum eget, vulputate ut, ultrices vel, augue. Vestibulum ante ipsum primis in faucibus orci luctus et ultrices posuere cubilia Curae; Donec pharetra, magna vestibulum aliquet ultrices, erat tortor sollicitudin mi, sit amet lobortis sapien sapien non mi.');
INSERT INTO avis ("id_objet", "id_user", "date_avis", "note", "commentaire") VALUES (29, 1, TO_DATE('2022-07-19', 'YYYY-MM-DD'), 16, 'Fusce posuere felis sed lacus. Morbi sem mauris, laoreet ut, rhoncus aliquet, pulvinar sed, nisl.');
INSERT INTO avis ("id_objet", "id_user", "date_avis", "note", "commentaire") VALUES (29, 11, TO_DATE('2022-11-05', 'YYYY-MM-DD'), 11, 'Proin at turpis a pede posuere nonummy.');
INSERT INTO avis ("id_objet", "id_user", "date_avis", "note", "commentaire") VALUES (29, 13, TO_DATE('2022-08-30', 'YYYY-MM-DD'), 2, 'Sed vel enim sit amet nunc viverra dapibus. Nulla suscipit ligula in lacus.');
INSERT INTO avis ("id_objet", "id_user", "date_avis", "note", "commentaire") VALUES (29, 14, TO_DATE('2022-12-10', 'YYYY-MM-DD'), 12, 'Suspendisse accumsan tortor quis turpis. Sed ante.');
INSERT INTO avis ("id_objet", "id_user", "date_avis", "note", "commentaire") VALUES (29, 15, TO_DATE('2022-06-30', 'YYYY-MM-DD'), 18, 'Donec odio justo, sollicitudin ut, suscipit a, feugiat et, eros.');
INSERT INTO avis ("id_objet", "id_user", "date_avis", "note", "commentaire") VALUES (29, 3, TO_DATE('2022-12-06', 'YYYY-MM-DD'), 17, 'Etiam justo. Etiam pretium iaculis justo. In hac habitasse platea dictumst.');
INSERT INTO avis ("id_objet", "id_user", "date_avis", "note", "commentaire") VALUES (29, 5, TO_DATE('2022-07-08', 'YYYY-MM-DD'), 15, 'Curabitur in libero ut massa volutpat convallis. Morbi odio odio, elementum eu, interdum eu, tincidunt in, leo. Maecenas pulvinar lobortis est.');
INSERT INTO avis ("id_objet", "id_user", "date_avis", "note", "commentaire") VALUES (29, 6, TO_DATE('2022-11-21', 'YYYY-MM-DD'), 2, 'Suspendisse potenti. Nullam porttitor lacus at turpis.');
INSERT INTO avis ("id_objet", "id_user", "date_avis", "note", "commentaire") VALUES (29, 7, TO_DATE('2022-11-18', 'YYYY-MM-DD'), 17, 'In congue. Etiam justo.');
INSERT INTO avis ("id_objet", "id_user", "date_avis", "note", "commentaire") VALUES (29, 9, TO_DATE('2022-08-28', 'YYYY-MM-DD'), 7, 'Vestibulum ante ipsum primis in faucibus orci luctus et ultrices posuere cubilia Curae; Nulla dapibus dolor vel est.');
INSERT INTO avis ("id_objet", "id_user", "date_avis", "note", "commentaire") VALUES (30, 1, TO_DATE('2022-12-05', 'YYYY-MM-DD'), 10, 'Donec diam neque, vestibulum eget, vulputate ut, ultrices vel, augue.');
INSERT INTO avis ("id_objet", "id_user", "date_avis", "note", "commentaire") VALUES (30, 11, TO_DATE('2022-11-03', 'YYYY-MM-DD'), 11, 'Suspendisse accumsan tortor quis turpis. Sed ante. Vivamus tortor.');
INSERT INTO avis ("id_objet", "id_user", "date_avis", "note", "commentaire") VALUES (30, 12, TO_DATE('2022-11-09', 'YYYY-MM-DD'), 14, 'Lorem ipsum dolor sit amet, consectetuer adipiscing elit.');
INSERT INTO avis ("id_objet", "id_user", "date_avis", "note", "commentaire") VALUES (30, 13, TO_DATE('2022-12-19', 'YYYY-MM-DD'), 16, 'Maecenas tristique, est et tempus semper, est quam pharetra magna, ac consequat metus sapien ut nunc.');
INSERT INTO avis ("id_objet", "id_user", "date_avis", "note", "commentaire") VALUES (30, 14, TO_DATE('2022-09-16', 'YYYY-MM-DD'), 14, 'Phasellus in felis. Donec semper sapien a libero.');
INSERT INTO avis ("id_objet", "id_user", "date_avis", "note", "commentaire") VALUES (30, 15, TO_DATE('2022-10-27', 'YYYY-MM-DD'), 20, 'Nulla tempus.');
INSERT INTO avis ("id_objet", "id_user", "date_avis", "note", "commentaire") VALUES (30, 4, TO_DATE('2022-11-15', 'YYYY-MM-DD'), 14, 'Nulla facilisi. Cras non velit nec nisi vulputate nonummy. Maecenas tincidunt lacus at velit.');
INSERT INTO avis ("id_objet", "id_user", "date_avis", "note", "commentaire") VALUES (30, 6, TO_DATE('2022-12-06', 'YYYY-MM-DD'), 8, 'In blandit ultrices enim. Lorem ipsum dolor sit amet, consectetuer adipiscing elit.');
INSERT INTO avis ("id_objet", "id_user", "date_avis", "note", "commentaire") VALUES (30, 7, TO_DATE('2022-11-05', 'YYYY-MM-DD'), 18, 'Aliquam augue quam, sollicitudin vitae, consectetuer eget, rutrum at, lorem.');
INSERT INTO avis ("id_objet", "id_user", "date_avis", "note", "commentaire") VALUES (30, 8, TO_DATE('2022-10-10', 'YYYY-MM-DD'), 19, 'Etiam faucibus cursus urna.');
INSERT INTO avis ("id_objet", "id_user", "date_avis", "note", "commentaire") VALUES (30, 9, TO_DATE('2022-11-16', 'YYYY-MM-DD'), 2, 'Pellentesque ultrices mattis odio. Donec vitae nisi.');
INSERT INTO avis ("id_objet", "id_user", "date_avis", "note", "commentaire") VALUES (3, 1, TO_DATE('2022-12-21', 'YYYY-MM-DD'), 15, 'Aenean fermentum. Donec ut mauris eget massa tempor convallis.');
INSERT INTO avis ("id_objet", "id_user", "date_avis", "note", "commentaire") VALUES (3, 10, TO_DATE('2022-09-02', 'YYYY-MM-DD'), 18, 'Maecenas leo odio, condimentum id, luctus nec, molestie sed, justo.');
INSERT INTO avis ("id_objet", "id_user", "date_avis", "note", "commentaire") VALUES (3, 11, TO_DATE('2022-08-09', 'YYYY-MM-DD'), 13, 'Aliquam non mauris. Morbi non lectus. Aliquam sit amet diam in magna bibendum imperdiet.');
INSERT INTO avis ("id_objet", "id_user", "date_avis", "note", "commentaire") VALUES (31, 1, TO_DATE('2022-07-13', 'YYYY-MM-DD'), 14, 'Mauris lacinia sapien quis libero. Nullam sit amet turpis elementum ligula vehicula consequat. Morbi a ipsum.');
INSERT INTO avis ("id_objet", "id_user", "date_avis", "note", "commentaire") VALUES (31, 10, TO_DATE('2022-07-03', 'YYYY-MM-DD'), 9, 'Aliquam sit amet diam in magna bibendum imperdiet.');
INSERT INTO avis ("id_objet", "id_user", "date_avis", "note", "commentaire") VALUES (31, 13, TO_DATE('2022-10-29', 'YYYY-MM-DD'), 1, 'Donec posuere metus vitae ipsum. Aliquam non mauris. Morbi non lectus.');
INSERT INTO avis ("id_objet", "id_user", "date_avis", "note", "commentaire") VALUES (31, 14, TO_DATE('2022-10-03', 'YYYY-MM-DD'), 4, 'Maecenas pulvinar lobortis est. Phasellus sit amet erat. Nulla tempus.');
INSERT INTO avis ("id_objet", "id_user", "date_avis", "note", "commentaire") VALUES (31, 15, TO_DATE('2022-07-24', 'YYYY-MM-DD'), 2, 'Duis bibendum. Morbi non quam nec dui luctus rutrum.');
INSERT INTO avis ("id_objet", "id_user", "date_avis", "note", "commentaire") VALUES (3, 12, TO_DATE('2022-07-31', 'YYYY-MM-DD'), 10, 'Quisque id justo sit amet sapien dignissim vestibulum. Vestibulum ante ipsum primis in faucibus orci luctus et ultrices posuere cubilia Curae; Nulla dapibus dolor vel est. Donec odio justo, sollicitudin ut, suscipit a, feugiat et, eros.');
INSERT INTO avis ("id_objet", "id_user", "date_avis", "note", "commentaire") VALUES (31, 2, TO_DATE('2022-07-01', 'YYYY-MM-DD'), 17, 'Donec quis orci eget orci vehicula condimentum. Curabitur in libero ut massa volutpat convallis. Morbi odio odio, elementum eu, interdum eu, tincidunt in, leo.');
INSERT INTO avis ("id_objet", "id_user", "date_avis", "note", "commentaire") VALUES (3, 13, TO_DATE('2022-07-05', 'YYYY-MM-DD'), 3, 'Aliquam sit amet diam in magna bibendum imperdiet. Nullam orci pede, venenatis non, sodales sed, tincidunt eu, felis.');
INSERT INTO avis ("id_objet", "id_user", "date_avis", "note", "commentaire") VALUES (31, 3, TO_DATE('2022-07-29', 'YYYY-MM-DD'), 18, 'Cras pellentesque volutpat dui.');
INSERT INTO avis ("id_objet", "id_user", "date_avis", "note", "commentaire") VALUES (3, 14, TO_DATE('2022-12-14', 'YYYY-MM-DD'), 3, 'Quisque erat eros, viverra eget, congue eget, semper rutrum, nulla. Nunc purus. Phasellus in felis.');
INSERT INTO avis ("id_objet", "id_user", "date_avis", "note", "commentaire") VALUES (31, 4, TO_DATE('2022-07-26', 'YYYY-MM-DD'), 4, 'Cras mi pede, malesuada in, imperdiet et, commodo vulputate, justo. In blandit ultrices enim.');
INSERT INTO avis ("id_objet", "id_user", "date_avis", "note", "commentaire") VALUES (3, 15, TO_DATE('2022-10-16', 'YYYY-MM-DD'), 1, 'Donec quis orci eget orci vehicula condimentum. Curabitur in libero ut massa volutpat convallis.');
INSERT INTO avis ("id_objet", "id_user", "date_avis", "note", "commentaire") VALUES (31, 5, TO_DATE('2022-10-16', 'YYYY-MM-DD'), 10, 'Nulla neque libero, convallis eget, eleifend luctus, ultricies eu, nibh. Quisque id justo sit amet sapien dignissim vestibulum.');
INSERT INTO avis ("id_objet", "id_user", "date_avis", "note", "commentaire") VALUES (31, 6, TO_DATE('2022-07-04', 'YYYY-MM-DD'), 11, 'Donec ut dolor. Morbi vel lectus in quam fringilla rhoncus.');
INSERT INTO avis ("id_objet", "id_user", "date_avis", "note", "commentaire") VALUES (31, 8, TO_DATE('2022-08-26', 'YYYY-MM-DD'), 20, 'Donec odio justo, sollicitudin ut, suscipit a, feugiat et, eros. Vestibulum ac est lacinia nisi venenatis tristique. Fusce congue, diam id ornare imperdiet, sapien urna pretium nisl, ut volutpat sapien arcu sed augue.');
INSERT INTO avis ("id_objet", "id_user", "date_avis", "note", "commentaire") VALUES (31, 9, TO_DATE('2022-12-12', 'YYYY-MM-DD'), 17, 'Aliquam sit amet diam in magna bibendum imperdiet. Nullam orci pede, venenatis non, sodales sed, tincidunt eu, felis.');
INSERT INTO avis ("id_objet", "id_user", "date_avis", "note", "commentaire") VALUES (32, 1, TO_DATE('2022-09-26', 'YYYY-MM-DD'), 18, 'Nulla justo. Aliquam quis turpis eget elit sodales scelerisque.');
INSERT INTO avis ("id_objet", "id_user", "date_avis", "note", "commentaire") VALUES (32, 10, TO_DATE('2022-10-09', 'YYYY-MM-DD'), 17, 'Vestibulum ac est lacinia nisi venenatis tristique.');
INSERT INTO avis ("id_objet", "id_user", "date_avis", "note", "commentaire") VALUES (32, 12, TO_DATE('2022-07-04', 'YYYY-MM-DD'), 5, 'Praesent blandit. Nam nulla. Integer pede justo, lacinia eget, tincidunt eget, tempus vel, pede.');
INSERT INTO avis ("id_objet", "id_user", "date_avis", "note", "commentaire") VALUES (32, 13, TO_DATE('2022-12-08', 'YYYY-MM-DD'), 12, 'Nunc rhoncus dui vel sem. Sed sagittis. Nam congue, risus semper porta volutpat, quam pede lobortis ligula, sit amet eleifend pede libero quis orci.');
INSERT INTO avis ("id_objet", "id_user", "date_avis", "note", "commentaire") VALUES (32, 14, TO_DATE('2022-12-03', 'YYYY-MM-DD'), 6, 'Mauris sit amet eros. Suspendisse accumsan tortor quis turpis.');
INSERT INTO avis ("id_objet", "id_user", "date_avis", "note", "commentaire") VALUES (32, 15, TO_DATE('2022-09-25', 'YYYY-MM-DD'), 1, 'Morbi a ipsum.');
INSERT INTO avis ("id_objet", "id_user", "date_avis", "note", "commentaire") VALUES (32, 2, TO_DATE('2022-10-17', 'YYYY-MM-DD'), 6, 'Donec dapibus.');
INSERT INTO avis ("id_objet", "id_user", "date_avis", "note", "commentaire") VALUES (32, 4, TO_DATE('2022-09-05', 'YYYY-MM-DD'), 12, 'Ut tellus. Nulla ut erat id mauris vulputate elementum. Nullam varius.');
INSERT INTO avis ("id_objet", "id_user", "date_avis", "note", "commentaire") VALUES (32, 6, TO_DATE('2022-09-28', 'YYYY-MM-DD'), 18, 'Donec dapibus. Duis at velit eu est congue elementum. In hac habitasse platea dictumst.');
INSERT INTO avis ("id_objet", "id_user", "date_avis", "note", "commentaire") VALUES (32, 8, TO_DATE('2022-08-25', 'YYYY-MM-DD'), 19, 'Morbi vestibulum, velit id pretium iaculis, diam erat fermentum justo, nec condimentum neque sapien placerat ante. Nulla justo. Aliquam quis turpis eget elit sodales scelerisque.');
INSERT INTO avis ("id_objet", "id_user", "date_avis", "note", "commentaire") VALUES (32, 9, TO_DATE('2022-10-13', 'YYYY-MM-DD'), 4, 'Nulla nisl. Nunc nisl.');
INSERT INTO avis ("id_objet", "id_user", "date_avis", "note", "commentaire") VALUES (33, 1, TO_DATE('2022-07-17', 'YYYY-MM-DD'), 13, 'Fusce consequat. Nulla nisl. Nunc nisl.');
INSERT INTO avis ("id_objet", "id_user", "date_avis", "note", "commentaire") VALUES (33, 10, TO_DATE('2022-12-03', 'YYYY-MM-DD'), 6, 'Maecenas pulvinar lobortis est. Phasellus sit amet erat. Nulla tempus.');
INSERT INTO avis ("id_objet", "id_user", "date_avis", "note", "commentaire") VALUES (33, 11, TO_DATE('2022-09-05', 'YYYY-MM-DD'), 19, 'Nullam molestie nibh in lectus.');
INSERT INTO avis ("id_objet", "id_user", "date_avis", "note", "commentaire") VALUES (33, 13, TO_DATE('2022-09-09', 'YYYY-MM-DD'), 11, 'Sed sagittis.');
INSERT INTO avis ("id_objet", "id_user", "date_avis", "note", "commentaire") VALUES (33, 14, TO_DATE('2022-08-09', 'YYYY-MM-DD'), 10, 'Curabitur at ipsum ac tellus semper interdum. Mauris ullamcorper purus sit amet nulla. Quisque arcu libero, rutrum ac, lobortis vel, dapibus at, diam.');
INSERT INTO avis ("id_objet", "id_user", "date_avis", "note", "commentaire") VALUES (33, 15, TO_DATE('2022-06-29', 'YYYY-MM-DD'), 19, 'Vestibulum quam sapien, varius ut, blandit non, interdum in, ante. Vestibulum ante ipsum primis in faucibus orci luctus et ultrices posuere cubilia Curae; Duis faucibus accumsan odio. Curabitur convallis.');
INSERT INTO avis ("id_objet", "id_user", "date_avis", "note", "commentaire") VALUES (33, 2, TO_DATE('2022-11-12', 'YYYY-MM-DD'), 2, 'Nullam molestie nibh in lectus.');
INSERT INTO avis ("id_objet", "id_user", "date_avis", "note", "commentaire") VALUES (33, 4, TO_DATE('2022-12-14', 'YYYY-MM-DD'), 12, 'Maecenas pulvinar lobortis est. Phasellus sit amet erat.');
INSERT INTO avis ("id_objet", "id_user", "date_avis", "note", "commentaire") VALUES (33, 6, TO_DATE('2022-12-09', 'YYYY-MM-DD'), 18, 'Praesent lectus. Vestibulum quam sapien, varius ut, blandit non, interdum in, ante.');
INSERT INTO avis ("id_objet", "id_user", "date_avis", "note", "commentaire") VALUES (33, 9, TO_DATE('2022-09-04', 'YYYY-MM-DD'), 4, 'Vestibulum ante ipsum primis in faucibus orci luctus et ultrices posuere cubilia Curae; Donec pharetra, magna vestibulum aliquet ultrices, erat tortor sollicitudin mi, sit amet lobortis sapien sapien non mi. Integer ac neque.');
INSERT INTO avis ("id_objet", "id_user", "date_avis", "note", "commentaire") VALUES (34, 1, TO_DATE('2022-09-06', 'YYYY-MM-DD'), 2, 'Fusce lacus purus, aliquet at, feugiat non, pretium quis, lectus.');
INSERT INTO avis ("id_objet", "id_user", "date_avis", "note", "commentaire") VALUES (34, 10, TO_DATE('2022-07-31', 'YYYY-MM-DD'), 3, 'Curabitur gravida nisi at nibh.');
INSERT INTO avis ("id_objet", "id_user", "date_avis", "note", "commentaire") VALUES (34, 11, TO_DATE('2022-07-19', 'YYYY-MM-DD'), 14, 'Donec vitae nisi. Nam ultrices, libero non mattis pulvinar, nulla pede ullamcorper augue, a suscipit nulla elit ac nulla. Sed vel enim sit amet nunc viverra dapibus.');
INSERT INTO avis ("id_objet", "id_user", "date_avis", "note", "commentaire") VALUES (34, 12, TO_DATE('2022-09-20', 'YYYY-MM-DD'), 17, 'Vivamus in felis eu sapien cursus vestibulum.');
INSERT INTO avis ("id_objet", "id_user", "date_avis", "note", "commentaire") VALUES (34, 13, TO_DATE('2022-08-02', 'YYYY-MM-DD'), 18, 'Vivamus in felis eu sapien cursus vestibulum. Proin eu mi. Nulla ac enim.');
INSERT INTO avis ("id_objet", "id_user", "date_avis", "note", "commentaire") VALUES (34, 15, TO_DATE('2022-12-21', 'YYYY-MM-DD'), 2, 'Nulla suscipit ligula in lacus. Curabitur at ipsum ac tellus semper interdum.');
INSERT INTO avis ("id_objet", "id_user", "date_avis", "note", "commentaire") VALUES (34, 2, TO_DATE('2022-09-15', 'YYYY-MM-DD'), 18, 'Nunc rhoncus dui vel sem. Sed sagittis. Nam congue, risus semper porta volutpat, quam pede lobortis ligula, sit amet eleifend pede libero quis orci.');
INSERT INTO avis ("id_objet", "id_user", "date_avis", "note", "commentaire") VALUES (34, 4, TO_DATE('2022-07-10', 'YYYY-MM-DD'), 4, 'Integer pede justo, lacinia eget, tincidunt eget, tempus vel, pede.');
INSERT INTO avis ("id_objet", "id_user", "date_avis", "note", "commentaire") VALUES (34, 7, TO_DATE('2022-10-27', 'YYYY-MM-DD'), 10, 'In sagittis dui vel nisl. Duis ac nibh.');
INSERT INTO avis ("id_objet", "id_user", "date_avis", "note", "commentaire") VALUES (34, 8, TO_DATE('2022-08-04', 'YYYY-MM-DD'), 11, 'Praesent lectus. Vestibulum quam sapien, varius ut, blandit non, interdum in, ante.');
INSERT INTO avis ("id_objet", "id_user", "date_avis", "note", "commentaire") VALUES (34, 9, TO_DATE('2022-12-07', 'YYYY-MM-DD'), 6, 'Donec odio justo, sollicitudin ut, suscipit a, feugiat et, eros.');
INSERT INTO avis ("id_objet", "id_user", "date_avis", "note", "commentaire") VALUES (3, 5, TO_DATE('2022-07-19', 'YYYY-MM-DD'), 10, 'Morbi a ipsum. Integer a nibh.');
INSERT INTO avis ("id_objet", "id_user", "date_avis", "note", "commentaire") VALUES (35, 10, TO_DATE('2022-07-06', 'YYYY-MM-DD'), 8, 'In hac habitasse platea dictumst. Aliquam augue quam, sollicitudin vitae, consectetuer eget, rutrum at, lorem. Integer tincidunt ante vel ipsum.');
INSERT INTO avis ("id_objet", "id_user", "date_avis", "note", "commentaire") VALUES (35, 12, TO_DATE('2022-09-03', 'YYYY-MM-DD'), 6, 'Quisque arcu libero, rutrum ac, lobortis vel, dapibus at, diam.');
INSERT INTO avis ("id_objet", "id_user", "date_avis", "note", "commentaire") VALUES (35, 13, TO_DATE('2022-11-12', 'YYYY-MM-DD'), 16, 'In quis justo. Maecenas rhoncus aliquam lacus.');
INSERT INTO avis ("id_objet", "id_user", "date_avis", "note", "commentaire") VALUES (35, 14, TO_DATE('2022-07-13', 'YYYY-MM-DD'), 19, 'Mauris sit amet eros.');
INSERT INTO avis ("id_objet", "id_user", "date_avis", "note", "commentaire") VALUES (35, 2, TO_DATE('2022-09-12', 'YYYY-MM-DD'), 3, 'In hac habitasse platea dictumst. Aliquam augue quam, sollicitudin vitae, consectetuer eget, rutrum at, lorem. Integer tincidunt ante vel ipsum.');
INSERT INTO avis ("id_objet", "id_user", "date_avis", "note", "commentaire") VALUES (35, 3, TO_DATE('2022-11-05', 'YYYY-MM-DD'), 10, 'Maecenas leo odio, condimentum id, luctus nec, molestie sed, justo. Pellentesque viverra pede ac diam.');
INSERT INTO avis ("id_objet", "id_user", "date_avis", "note", "commentaire") VALUES (35, 4, TO_DATE('2022-11-07', 'YYYY-MM-DD'), 1, 'Nunc nisl. Duis bibendum, felis sed interdum venenatis, turpis enim blandit mi, in porttitor pede justo eu massa.');
INSERT INTO avis ("id_objet", "id_user", "date_avis", "note", "commentaire") VALUES (35, 7, TO_DATE('2022-12-15', 'YYYY-MM-DD'), 2, 'Pellentesque ultrices mattis odio. Donec vitae nisi. Nam ultrices, libero non mattis pulvinar, nulla pede ullamcorper augue, a suscipit nulla elit ac nulla.');
INSERT INTO avis ("id_objet", "id_user", "date_avis", "note", "commentaire") VALUES (3, 6, TO_DATE('2022-08-11', 'YYYY-MM-DD'), 6, 'In sagittis dui vel nisl.');
INSERT INTO avis ("id_objet", "id_user", "date_avis", "note", "commentaire") VALUES (36, 11, TO_DATE('2022-08-22', 'YYYY-MM-DD'), 20, 'Cras pellentesque volutpat dui.');
INSERT INTO avis ("id_objet", "id_user", "date_avis", "note", "commentaire") VALUES (36, 13, TO_DATE('2022-08-24', 'YYYY-MM-DD'), 3, 'Vivamus in felis eu sapien cursus vestibulum. Proin eu mi.');
INSERT INTO avis ("id_objet", "id_user", "date_avis", "note", "commentaire") VALUES (36, 14, TO_DATE('2022-06-30', 'YYYY-MM-DD'), 9, 'Vestibulum sed magna at nunc commodo placerat. Praesent blandit.');
INSERT INTO avis ("id_objet", "id_user", "date_avis", "note", "commentaire") VALUES (36, 15, TO_DATE('2022-07-23', 'YYYY-MM-DD'), 15, 'Cras mi pede, malesuada in, imperdiet et, commodo vulputate, justo.');
INSERT INTO avis ("id_objet", "id_user", "date_avis", "note", "commentaire") VALUES (36, 2, TO_DATE('2022-09-03', 'YYYY-MM-DD'), 17, 'Sed accumsan felis. Ut at dolor quis odio consequat varius. Integer ac leo.');
INSERT INTO avis ("id_objet", "id_user", "date_avis", "note", "commentaire") VALUES (36, 3, TO_DATE('2022-07-15', 'YYYY-MM-DD'), 8, 'Vestibulum quam sapien, varius ut, blandit non, interdum in, ante. Vestibulum ante ipsum primis in faucibus orci luctus et ultrices posuere cubilia Curae; Duis faucibus accumsan odio.');
INSERT INTO avis ("id_objet", "id_user", "date_avis", "note", "commentaire") VALUES (36, 4, TO_DATE('2022-09-27', 'YYYY-MM-DD'), 10, 'In tempor, turpis nec euismod scelerisque, quam turpis adipiscing lorem, vitae mattis nibh ligula nec sem. Duis aliquam convallis nunc. Proin at turpis a pede posuere nonummy.');
INSERT INTO avis ("id_objet", "id_user", "date_avis", "note", "commentaire") VALUES (36, 7, TO_DATE('2022-08-26', 'YYYY-MM-DD'), 8, 'Donec posuere metus vitae ipsum. Aliquam non mauris. Morbi non lectus.');
INSERT INTO avis ("id_objet", "id_user", "date_avis", "note", "commentaire") VALUES (36, 8, TO_DATE('2022-08-14', 'YYYY-MM-DD'), 3, 'Donec diam neque, vestibulum eget, vulputate ut, ultrices vel, augue. Vestibulum ante ipsum primis in faucibus orci luctus et ultrices posuere cubilia Curae; Donec pharetra, magna vestibulum aliquet ultrices, erat tortor sollicitudin mi, sit amet lobortis sapien sapien non mi. Integer ac neque.');
INSERT INTO avis ("id_objet", "id_user", "date_avis", "note", "commentaire") VALUES (36, 9, TO_DATE('2022-08-08', 'YYYY-MM-DD'), 16, 'Vivamus tortor. Duis mattis egestas metus. Aenean fermentum.');
INSERT INTO avis ("id_objet", "id_user", "date_avis", "note", "commentaire") VALUES (3, 7, TO_DATE('2022-12-22', 'YYYY-MM-DD'), 11, 'Morbi sem mauris, laoreet ut, rhoncus aliquet, pulvinar sed, nisl. Nunc rhoncus dui vel sem. Sed sagittis.');
INSERT INTO avis ("id_objet", "id_user", "date_avis", "note", "commentaire") VALUES (37, 1, TO_DATE('2022-09-06', 'YYYY-MM-DD'), 4, 'Donec diam neque, vestibulum eget, vulputate ut, ultrices vel, augue. Vestibulum ante ipsum primis in faucibus orci luctus et ultrices posuere cubilia Curae; Donec pharetra, magna vestibulum aliquet ultrices, erat tortor sollicitudin mi, sit amet lobortis sapien sapien non mi. Integer ac neque.');
INSERT INTO avis ("id_objet", "id_user", "date_avis", "note", "commentaire") VALUES (37, 11, TO_DATE('2022-08-31', 'YYYY-MM-DD'), 8, 'In quis justo. Maecenas rhoncus aliquam lacus. Morbi quis tortor id nulla ultrices aliquet.');
INSERT INTO avis ("id_objet", "id_user", "date_avis", "note", "commentaire") VALUES (37, 12, TO_DATE('2022-08-19', 'YYYY-MM-DD'), 6, 'Donec ut dolor.');
INSERT INTO avis ("id_objet", "id_user", "date_avis", "note", "commentaire") VALUES (37, 15, TO_DATE('2022-08-14', 'YYYY-MM-DD'), 10, 'Etiam vel augue. Vestibulum rutrum rutrum neque.');
INSERT INTO avis ("id_objet", "id_user", "date_avis", "note", "commentaire") VALUES (37, 2, TO_DATE('2022-09-05', 'YYYY-MM-DD'), 9, 'Duis bibendum.');
INSERT INTO avis ("id_objet", "id_user", "date_avis", "note", "commentaire") VALUES (37, 3, TO_DATE('2022-09-03', 'YYYY-MM-DD'), 2, 'Cras non velit nec nisi vulputate nonummy.');
INSERT INTO avis ("id_objet", "id_user", "date_avis", "note", "commentaire") VALUES (37, 4, TO_DATE('2022-11-02', 'YYYY-MM-DD'), 20, 'Donec ut dolor. Morbi vel lectus in quam fringilla rhoncus.');
INSERT INTO avis ("id_objet", "id_user", "date_avis", "note", "commentaire") VALUES (37, 5, TO_DATE('2022-10-28', 'YYYY-MM-DD'), 2, 'Aliquam quis turpis eget elit sodales scelerisque.');
INSERT INTO avis ("id_objet", "id_user", "date_avis", "note", "commentaire") VALUES (37, 6, TO_DATE('2022-08-04', 'YYYY-MM-DD'), 17, 'Morbi ut odio. Cras mi pede, malesuada in, imperdiet et, commodo vulputate, justo. In blandit ultrices enim.');
INSERT INTO avis ("id_objet", "id_user", "date_avis", "note", "commentaire") VALUES (37, 7, TO_DATE('2022-10-10', 'YYYY-MM-DD'), 7, 'Sed vel enim sit amet nunc viverra dapibus. Nulla suscipit ligula in lacus.');
INSERT INTO avis ("id_objet", "id_user", "date_avis", "note", "commentaire") VALUES (37, 9, TO_DATE('2022-11-27', 'YYYY-MM-DD'), 17, 'Aliquam augue quam, sollicitudin vitae, consectetuer eget, rutrum at, lorem. Integer tincidunt ante vel ipsum. Praesent blandit lacinia erat.');
INSERT INTO avis ("id_objet", "id_user", "date_avis", "note", "commentaire") VALUES (38, 1, TO_DATE('2022-11-28', 'YYYY-MM-DD'), 14, 'Morbi a ipsum. Integer a nibh. In quis justo.');
INSERT INTO avis ("id_objet", "id_user", "date_avis", "note", "commentaire") VALUES (38, 10, TO_DATE('2022-11-02', 'YYYY-MM-DD'), 1, 'Vestibulum ante ipsum primis in faucibus orci luctus et ultrices posuere cubilia Curae; Mauris viverra diam vitae quam.');
INSERT INTO avis ("id_objet", "id_user", "date_avis", "note", "commentaire") VALUES (38, 11, TO_DATE('2022-12-12', 'YYYY-MM-DD'), 18, 'Morbi sem mauris, laoreet ut, rhoncus aliquet, pulvinar sed, nisl. Nunc rhoncus dui vel sem.');
INSERT INTO avis ("id_objet", "id_user", "date_avis", "note", "commentaire") VALUES (38, 12, TO_DATE('2022-09-03', 'YYYY-MM-DD'), 12, 'In tempor, turpis nec euismod scelerisque, quam turpis adipiscing lorem, vitae mattis nibh ligula nec sem.');
INSERT INTO avis ("id_objet", "id_user", "date_avis", "note", "commentaire") VALUES (38, 13, TO_DATE('2022-12-16', 'YYYY-MM-DD'), 20, 'Praesent blandit lacinia erat.');
INSERT INTO avis ("id_objet", "id_user", "date_avis", "note", "commentaire") VALUES (38, 14, TO_DATE('2022-08-11', 'YYYY-MM-DD'), 1, 'Maecenas rhoncus aliquam lacus.');
INSERT INTO avis ("id_objet", "id_user", "date_avis", "note", "commentaire") VALUES (38, 2, TO_DATE('2022-12-17', 'YYYY-MM-DD'), 5, 'Proin eu mi. Nulla ac enim. In tempor, turpis nec euismod scelerisque, quam turpis adipiscing lorem, vitae mattis nibh ligula nec sem.');
INSERT INTO avis ("id_objet", "id_user", "date_avis", "note", "commentaire") VALUES (38, 4, TO_DATE('2022-07-28', 'YYYY-MM-DD'), 2, 'Nulla tellus. In sagittis dui vel nisl. Duis ac nibh.');
INSERT INTO avis ("id_objet", "id_user", "date_avis", "note", "commentaire") VALUES (38, 5, TO_DATE('2022-10-08', 'YYYY-MM-DD'), 3, 'Pellentesque viverra pede ac diam. Cras pellentesque volutpat dui.');
INSERT INTO avis ("id_objet", "id_user", "date_avis", "note", "commentaire") VALUES (38, 6, TO_DATE('2022-11-09', 'YYYY-MM-DD'), 12, 'Fusce lacus purus, aliquet at, feugiat non, pretium quis, lectus.');
INSERT INTO avis ("id_objet", "id_user", "date_avis", "note", "commentaire") VALUES (38, 7, TO_DATE('2022-10-01', 'YYYY-MM-DD'), 19, 'Quisque erat eros, viverra eget, congue eget, semper rutrum, nulla. Nunc purus. Phasellus in felis.');
INSERT INTO avis ("id_objet", "id_user", "date_avis", "note", "commentaire") VALUES (38, 8, TO_DATE('2022-12-20', 'YYYY-MM-DD'), 16, 'Morbi vel lectus in quam fringilla rhoncus. Mauris enim leo, rhoncus sed, vestibulum sit amet, cursus id, turpis.');
INSERT INTO avis ("id_objet", "id_user", "date_avis", "note", "commentaire") VALUES (38, 9, TO_DATE('2022-06-29', 'YYYY-MM-DD'), 4, 'Nunc rhoncus dui vel sem. Sed sagittis. Nam congue, risus semper porta volutpat, quam pede lobortis ligula, sit amet eleifend pede libero quis orci.');
INSERT INTO avis ("id_objet", "id_user", "date_avis", "note", "commentaire") VALUES (3, 9, TO_DATE('2022-08-25', 'YYYY-MM-DD'), 16, 'Curabitur gravida nisi at nibh.');
INSERT INTO avis ("id_objet", "id_user", "date_avis", "note", "commentaire") VALUES (39, 10, TO_DATE('2022-08-04', 'YYYY-MM-DD'), 17, 'Integer a nibh. In quis justo. Maecenas rhoncus aliquam lacus.');
INSERT INTO avis ("id_objet", "id_user", "date_avis", "note", "commentaire") VALUES (39, 11, TO_DATE('2022-08-16', 'YYYY-MM-DD'), 9, 'Pellentesque ultrices mattis odio.');
INSERT INTO avis ("id_objet", "id_user", "date_avis", "note", "commentaire") VALUES (39, 13, TO_DATE('2022-08-27', 'YYYY-MM-DD'), 5, 'Sed sagittis. Nam congue, risus semper porta volutpat, quam pede lobortis ligula, sit amet eleifend pede libero quis orci. Nullam molestie nibh in lectus.');
INSERT INTO avis ("id_objet", "id_user", "date_avis", "note", "commentaire") VALUES (39, 14, TO_DATE('2022-07-18', 'YYYY-MM-DD'), 17, 'Duis bibendum, felis sed interdum venenatis, turpis enim blandit mi, in porttitor pede justo eu massa. Donec dapibus.');
INSERT INTO avis ("id_objet", "id_user", "date_avis", "note", "commentaire") VALUES (39, 15, TO_DATE('2022-11-18', 'YYYY-MM-DD'), 8, 'Integer ac neque. Duis bibendum. Morbi non quam nec dui luctus rutrum.');
INSERT INTO avis ("id_objet", "id_user", "date_avis", "note", "commentaire") VALUES (39, 2, TO_DATE('2022-12-12', 'YYYY-MM-DD'), 18, 'Donec odio justo, sollicitudin ut, suscipit a, feugiat et, eros.');
INSERT INTO avis ("id_objet", "id_user", "date_avis", "note", "commentaire") VALUES (39, 3, TO_DATE('2022-09-20', 'YYYY-MM-DD'), 11, 'Proin risus.');
INSERT INTO avis ("id_objet", "id_user", "date_avis", "note", "commentaire") VALUES (39, 5, TO_DATE('2022-11-18', 'YYYY-MM-DD'), 8, 'Curabitur gravida nisi at nibh. In hac habitasse platea dictumst.');
INSERT INTO avis ("id_objet", "id_user", "date_avis", "note", "commentaire") VALUES (39, 6, TO_DATE('2022-10-22', 'YYYY-MM-DD'), 14, 'Nulla facilisi.');
INSERT INTO avis ("id_objet", "id_user", "date_avis", "note", "commentaire") VALUES (39, 8, TO_DATE('2022-10-02', 'YYYY-MM-DD'), 10, 'In congue. Etiam justo.');
INSERT INTO avis ("id_objet", "id_user", "date_avis", "note", "commentaire") VALUES (40, 12, TO_DATE('2022-09-16', 'YYYY-MM-DD'), 1, 'Vestibulum ante ipsum primis in faucibus orci luctus et ultrices posuere cubilia Curae; Donec pharetra, magna vestibulum aliquet ultrices, erat tortor sollicitudin mi, sit amet lobortis sapien sapien non mi. Integer ac neque. Duis bibendum.');
INSERT INTO avis ("id_objet", "id_user", "date_avis", "note", "commentaire") VALUES (40, 13, TO_DATE('2022-09-06', 'YYYY-MM-DD'), 19, 'Nulla facilisi. Cras non velit nec nisi vulputate nonummy. Maecenas tincidunt lacus at velit.');
INSERT INTO avis ("id_objet", "id_user", "date_avis", "note", "commentaire") VALUES (40, 15, TO_DATE('2022-10-03', 'YYYY-MM-DD'), 2, 'Maecenas rhoncus aliquam lacus.');
INSERT INTO avis ("id_objet", "id_user", "date_avis", "note", "commentaire") VALUES (40, 3, TO_DATE('2022-08-14', 'YYYY-MM-DD'), 9, 'Pellentesque eget nunc. Donec quis orci eget orci vehicula condimentum.');
INSERT INTO avis ("id_objet", "id_user", "date_avis", "note", "commentaire") VALUES (40, 4, TO_DATE('2022-11-20', 'YYYY-MM-DD'), 9, 'Nullam sit amet turpis elementum ligula vehicula consequat. Morbi a ipsum. Integer a nibh.');
INSERT INTO avis ("id_objet", "id_user", "date_avis", "note", "commentaire") VALUES (40, 5, TO_DATE('2022-10-22', 'YYYY-MM-DD'), 1, 'Duis bibendum, felis sed interdum venenatis, turpis enim blandit mi, in porttitor pede justo eu massa.');
INSERT INTO avis ("id_objet", "id_user", "date_avis", "note", "commentaire") VALUES (40, 6, TO_DATE('2022-09-02', 'YYYY-MM-DD'), 12, 'Vestibulum ac est lacinia nisi venenatis tristique. Fusce congue, diam id ornare imperdiet, sapien urna pretium nisl, ut volutpat sapien arcu sed augue. Aliquam erat volutpat.');
INSERT INTO avis ("id_objet", "id_user", "date_avis", "note", "commentaire") VALUES (40, 7, TO_DATE('2022-09-28', 'YYYY-MM-DD'), 7, 'Vivamus metus arcu, adipiscing molestie, hendrerit at, vulputate vitae, nisl.');
INSERT INTO avis ("id_objet", "id_user", "date_avis", "note", "commentaire") VALUES (40, 8, TO_DATE('2022-10-29', 'YYYY-MM-DD'), 14, 'Vestibulum ante ipsum primis in faucibus orci luctus et ultrices posuere cubilia Curae; Nulla dapibus dolor vel est. Donec odio justo, sollicitudin ut, suscipit a, feugiat et, eros.');
INSERT INTO avis ("id_objet", "id_user", "date_avis", "note", "commentaire") VALUES (40, 9, TO_DATE('2022-09-17', 'YYYY-MM-DD'), 10, 'Maecenas tristique, est et tempus semper, est quam pharetra magna, ac consequat metus sapien ut nunc. Vestibulum ante ipsum primis in faucibus orci luctus et ultrices posuere cubilia Curae; Mauris viverra diam vitae quam.');
INSERT INTO avis ("id_objet", "id_user", "date_avis", "note", "commentaire") VALUES (4, 11, TO_DATE('2022-10-21', 'YYYY-MM-DD'), 13, 'Nunc rhoncus dui vel sem.');
INSERT INTO avis ("id_objet", "id_user", "date_avis", "note", "commentaire") VALUES (41, 1, TO_DATE('2022-07-17', 'YYYY-MM-DD'), 19, 'Vestibulum ante ipsum primis in faucibus orci luctus et ultrices posuere cubilia Curae; Mauris viverra diam vitae quam. Suspendisse potenti. Nullam porttitor lacus at turpis.');
INSERT INTO avis ("id_objet", "id_user", "date_avis", "note", "commentaire") VALUES (41, 11, TO_DATE('2022-12-14', 'YYYY-MM-DD'), 16, 'In eleifend quam a odio.');
INSERT INTO avis ("id_objet", "id_user", "date_avis", "note", "commentaire") VALUES (41, 12, TO_DATE('2022-10-12', 'YYYY-MM-DD'), 16, 'Fusce congue, diam id ornare imperdiet, sapien urna pretium nisl, ut volutpat sapien arcu sed augue.');
INSERT INTO avis ("id_objet", "id_user", "date_avis", "note", "commentaire") VALUES (41, 13, TO_DATE('2022-12-23', 'YYYY-MM-DD'), 15, 'Suspendisse accumsan tortor quis turpis. Sed ante. Vivamus tortor.');
INSERT INTO avis ("id_objet", "id_user", "date_avis", "note", "commentaire") VALUES (41, 14, TO_DATE('2022-06-28', 'YYYY-MM-DD'), 4, 'Maecenas leo odio, condimentum id, luctus nec, molestie sed, justo. Pellentesque viverra pede ac diam. Cras pellentesque volutpat dui.');
INSERT INTO avis ("id_objet", "id_user", "date_avis", "note", "commentaire") VALUES (41, 2, TO_DATE('2022-10-29', 'YYYY-MM-DD'), 3, 'Phasellus in felis. Donec semper sapien a libero. Nam dui.');
INSERT INTO avis ("id_objet", "id_user", "date_avis", "note", "commentaire") VALUES (4, 13, TO_DATE('2022-07-27', 'YYYY-MM-DD'), 2, 'Nunc rhoncus dui vel sem. Sed sagittis. Nam congue, risus semper porta volutpat, quam pede lobortis ligula, sit amet eleifend pede libero quis orci.');
INSERT INTO avis ("id_objet", "id_user", "date_avis", "note", "commentaire") VALUES (41, 3, TO_DATE('2022-08-20', 'YYYY-MM-DD'), 6, 'In hac habitasse platea dictumst.');
INSERT INTO avis ("id_objet", "id_user", "date_avis", "note", "commentaire") VALUES (41, 4, TO_DATE('2022-09-27', 'YYYY-MM-DD'), 5, 'Ut at dolor quis odio consequat varius. Integer ac leo. Pellentesque ultrices mattis odio.');
INSERT INTO avis ("id_objet", "id_user", "date_avis", "note", "commentaire") VALUES (41, 5, TO_DATE('2022-07-29', 'YYYY-MM-DD'), 3, 'In blandit ultrices enim. Lorem ipsum dolor sit amet, consectetuer adipiscing elit.');
INSERT INTO avis ("id_objet", "id_user", "date_avis", "note", "commentaire") VALUES (41, 6, TO_DATE('2022-08-06', 'YYYY-MM-DD'), 14, 'Nunc nisl. Duis bibendum, felis sed interdum venenatis, turpis enim blandit mi, in porttitor pede justo eu massa.');
INSERT INTO avis ("id_objet", "id_user", "date_avis", "note", "commentaire") VALUES (41, 7, TO_DATE('2022-08-10', 'YYYY-MM-DD'), 20, 'Donec dapibus. Duis at velit eu est congue elementum.');
INSERT INTO avis ("id_objet", "id_user", "date_avis", "note", "commentaire") VALUES (41, 8, TO_DATE('2022-08-11', 'YYYY-MM-DD'), 8, 'Donec odio justo, sollicitudin ut, suscipit a, feugiat et, eros. Vestibulum ac est lacinia nisi venenatis tristique.');
INSERT INTO avis ("id_objet", "id_user", "date_avis", "note", "commentaire") VALUES (41, 9, TO_DATE('2022-08-03', 'YYYY-MM-DD'), 2, 'Morbi sem mauris, laoreet ut, rhoncus aliquet, pulvinar sed, nisl.');
INSERT INTO avis ("id_objet", "id_user", "date_avis", "note", "commentaire") VALUES (42, 1, TO_DATE('2022-09-14', 'YYYY-MM-DD'), 14, 'In quis justo. Maecenas rhoncus aliquam lacus.');
INSERT INTO avis ("id_objet", "id_user", "date_avis", "note", "commentaire") VALUES (42, 11, TO_DATE('2022-09-11', 'YYYY-MM-DD'), 20, 'Cras in purus eu magna vulputate luctus. Cum sociis natoque penatibus et magnis dis parturient montes, nascetur ridiculus mus. Vivamus vestibulum sagittis sapien.');
INSERT INTO avis ("id_objet", "id_user", "date_avis", "note", "commentaire") VALUES (42, 14, TO_DATE('2022-08-26', 'YYYY-MM-DD'), 18, 'Aliquam augue quam, sollicitudin vitae, consectetuer eget, rutrum at, lorem. Integer tincidunt ante vel ipsum. Praesent blandit lacinia erat.');
INSERT INTO avis ("id_objet", "id_user", "date_avis", "note", "commentaire") VALUES (42, 2, TO_DATE('2022-12-14', 'YYYY-MM-DD'), 12, 'Donec semper sapien a libero.');
INSERT INTO avis ("id_objet", "id_user", "date_avis", "note", "commentaire") VALUES (42, 3, TO_DATE('2022-09-01', 'YYYY-MM-DD'), 5, 'Integer aliquet, massa id lobortis convallis, tortor risus dapibus augue, vel accumsan tellus nisi eu orci. Mauris lacinia sapien quis libero.');
INSERT INTO avis ("id_objet", "id_user", "date_avis", "note", "commentaire") VALUES (42, 4, TO_DATE('2022-08-31', 'YYYY-MM-DD'), 8, 'Proin eu mi.');
INSERT INTO avis ("id_objet", "id_user", "date_avis", "note", "commentaire") VALUES (42, 5, TO_DATE('2022-12-10', 'YYYY-MM-DD'), 1, 'Vestibulum ante ipsum primis in faucibus orci luctus et ultrices posuere cubilia Curae; Duis faucibus accumsan odio. Curabitur convallis. Duis consequat dui nec nisi volutpat eleifend.');
INSERT INTO avis ("id_objet", "id_user", "date_avis", "note", "commentaire") VALUES (42, 6, TO_DATE('2022-09-13', 'YYYY-MM-DD'), 1, 'Pellentesque ultrices mattis odio.');
INSERT INTO avis ("id_objet", "id_user", "date_avis", "note", "commentaire") VALUES (42, 8, TO_DATE('2022-07-25', 'YYYY-MM-DD'), 19, 'Nam congue, risus semper porta volutpat, quam pede lobortis ligula, sit amet eleifend pede libero quis orci. Nullam molestie nibh in lectus.');
INSERT INTO avis ("id_objet", "id_user", "date_avis", "note", "commentaire") VALUES (42, 9, TO_DATE('2022-10-31', 'YYYY-MM-DD'), 9, 'Aliquam quis turpis eget elit sodales scelerisque.');
INSERT INTO avis ("id_objet", "id_user", "date_avis", "note", "commentaire") VALUES (4, 3, TO_DATE('2022-12-15', 'YYYY-MM-DD'), 8, 'Maecenas leo odio, condimentum id, luctus nec, molestie sed, justo.');
INSERT INTO avis ("id_objet", "id_user", "date_avis", "note", "commentaire") VALUES (43, 10, TO_DATE('2022-09-26', 'YYYY-MM-DD'), 10, 'Cum sociis natoque penatibus et magnis dis parturient montes, nascetur ridiculus mus. Vivamus vestibulum sagittis sapien.');
INSERT INTO avis ("id_objet", "id_user", "date_avis", "note", "commentaire") VALUES (43, 11, TO_DATE('2022-06-27', 'YYYY-MM-DD'), 20, 'Praesent blandit. Nam nulla. Integer pede justo, lacinia eget, tincidunt eget, tempus vel, pede.');
INSERT INTO avis ("id_objet", "id_user", "date_avis", "note", "commentaire") VALUES (43, 12, TO_DATE('2022-12-24', 'YYYY-MM-DD'), 1, 'Vestibulum rutrum rutrum neque.');
INSERT INTO avis ("id_objet", "id_user", "date_avis", "note", "commentaire") VALUES (43, 13, TO_DATE('2022-06-28', 'YYYY-MM-DD'), 1, 'Sed ante.');
INSERT INTO avis ("id_objet", "id_user", "date_avis", "note", "commentaire") VALUES (43, 15, TO_DATE('2022-08-03', 'YYYY-MM-DD'), 5, 'Aliquam quis turpis eget elit sodales scelerisque.');
INSERT INTO avis ("id_objet", "id_user", "date_avis", "note", "commentaire") VALUES (43, 3, TO_DATE('2022-08-11', 'YYYY-MM-DD'), 4, 'Sed ante.');
INSERT INTO avis ("id_objet", "id_user", "date_avis", "note", "commentaire") VALUES (43, 4, TO_DATE('2022-10-31', 'YYYY-MM-DD'), 18, 'Suspendisse accumsan tortor quis turpis.');
INSERT INTO avis ("id_objet", "id_user", "date_avis", "note", "commentaire") VALUES (43, 5, TO_DATE('2022-09-14', 'YYYY-MM-DD'), 16, 'Nam dui.');
INSERT INTO avis ("id_objet", "id_user", "date_avis", "note", "commentaire") VALUES (43, 6, TO_DATE('2022-11-13', 'YYYY-MM-DD'), 4, 'Suspendisse accumsan tortor quis turpis.');
INSERT INTO avis ("id_objet", "id_user", "date_avis", "note", "commentaire") VALUES (43, 7, TO_DATE('2022-12-14', 'YYYY-MM-DD'), 18, 'Integer ac leo. Pellentesque ultrices mattis odio.');
INSERT INTO avis ("id_objet", "id_user", "date_avis", "note", "commentaire") VALUES (43, 8, TO_DATE('2022-12-07', 'YYYY-MM-DD'), 11, 'Donec semper sapien a libero. Nam dui. Proin leo odio, porttitor id, consequat in, consequat ut, nulla.');
INSERT INTO avis ("id_objet", "id_user", "date_avis", "note", "commentaire") VALUES (4, 4, TO_DATE('2022-08-24', 'YYYY-MM-DD'), 6, 'Sed ante. Vivamus tortor.');
INSERT INTO avis ("id_objet", "id_user", "date_avis", "note", "commentaire") VALUES (44, 1, TO_DATE('2022-08-21', 'YYYY-MM-DD'), 12, 'Duis aliquam convallis nunc. Proin at turpis a pede posuere nonummy.');
INSERT INTO avis ("id_objet", "id_user", "date_avis", "note", "commentaire") VALUES (44, 10, TO_DATE('2022-08-13', 'YYYY-MM-DD'), 3, 'Sed vel enim sit amet nunc viverra dapibus. Nulla suscipit ligula in lacus. Curabitur at ipsum ac tellus semper interdum.');
INSERT INTO avis ("id_objet", "id_user", "date_avis", "note", "commentaire") VALUES (44, 12, TO_DATE('2022-12-20', 'YYYY-MM-DD'), 17, 'Vestibulum quam sapien, varius ut, blandit non, interdum in, ante.');
INSERT INTO avis ("id_objet", "id_user", "date_avis", "note", "commentaire") VALUES (44, 13, TO_DATE('2022-12-20', 'YYYY-MM-DD'), 4, 'Morbi ut odio. Cras mi pede, malesuada in, imperdiet et, commodo vulputate, justo. In blandit ultrices enim.');
INSERT INTO avis ("id_objet", "id_user", "date_avis", "note", "commentaire") VALUES (44, 14, TO_DATE('2022-09-12', 'YYYY-MM-DD'), 16, 'Maecenas leo odio, condimentum id, luctus nec, molestie sed, justo. Pellentesque viverra pede ac diam.');
INSERT INTO avis ("id_objet", "id_user", "date_avis", "note", "commentaire") VALUES (44, 15, TO_DATE('2022-12-14', 'YYYY-MM-DD'), 16, 'Aenean sit amet justo. Morbi ut odio.');
INSERT INTO avis ("id_objet", "id_user", "date_avis", "note", "commentaire") VALUES (44, 3, TO_DATE('2022-10-20', 'YYYY-MM-DD'), 1, 'Donec semper sapien a libero. Nam dui. Proin leo odio, porttitor id, consequat in, consequat ut, nulla.');
INSERT INTO avis ("id_objet", "id_user", "date_avis", "note", "commentaire") VALUES (44, 4, TO_DATE('2022-08-26', 'YYYY-MM-DD'), 11, 'Nullam orci pede, venenatis non, sodales sed, tincidunt eu, felis. Fusce posuere felis sed lacus.');
INSERT INTO avis ("id_objet", "id_user", "date_avis", "note", "commentaire") VALUES (44, 6, TO_DATE('2022-08-25', 'YYYY-MM-DD'), 15, 'In eleifend quam a odio. In hac habitasse platea dictumst.');
INSERT INTO avis ("id_objet", "id_user", "date_avis", "note", "commentaire") VALUES (44, 7, TO_DATE('2022-09-07', 'YYYY-MM-DD'), 3, 'Duis mattis egestas metus. Aenean fermentum.');
INSERT INTO avis ("id_objet", "id_user", "date_avis", "note", "commentaire") VALUES (44, 8, TO_DATE('2022-07-16', 'YYYY-MM-DD'), 3, 'Morbi non lectus.');
INSERT INTO avis ("id_objet", "id_user", "date_avis", "note", "commentaire") VALUES (44, 9, TO_DATE('2022-10-18', 'YYYY-MM-DD'), 10, 'Integer tincidunt ante vel ipsum. Praesent blandit lacinia erat. Vestibulum sed magna at nunc commodo placerat.');
INSERT INTO avis ("id_objet", "id_user", "date_avis", "note", "commentaire") VALUES (4, 5, TO_DATE('2022-07-16', 'YYYY-MM-DD'), 13, 'Proin risus. Praesent lectus. Vestibulum quam sapien, varius ut, blandit non, interdum in, ante.');
INSERT INTO avis ("id_objet", "id_user", "date_avis", "note", "commentaire") VALUES (45, 1, TO_DATE('2022-07-30', 'YYYY-MM-DD'), 8, 'Morbi ut odio. Cras mi pede, malesuada in, imperdiet et, commodo vulputate, justo. In blandit ultrices enim.');
INSERT INTO avis ("id_objet", "id_user", "date_avis", "note", "commentaire") VALUES (45, 10, TO_DATE('2022-12-13', 'YYYY-MM-DD'), 18, 'Donec posuere metus vitae ipsum. Aliquam non mauris.');
INSERT INTO avis ("id_objet", "id_user", "date_avis", "note", "commentaire") VALUES (45, 11, TO_DATE('2022-11-10', 'YYYY-MM-DD'), 4, 'Lorem ipsum dolor sit amet, consectetuer adipiscing elit. Proin risus. Praesent lectus.');
INSERT INTO avis ("id_objet", "id_user", "date_avis", "note", "commentaire") VALUES (45, 12, TO_DATE('2022-09-03', 'YYYY-MM-DD'), 4, 'Nullam molestie nibh in lectus. Pellentesque at nulla.');
INSERT INTO avis ("id_objet", "id_user", "date_avis", "note", "commentaire") VALUES (45, 13, TO_DATE('2022-07-05', 'YYYY-MM-DD'), 13, 'Nulla tempus. Vivamus in felis eu sapien cursus vestibulum. Proin eu mi.');
INSERT INTO avis ("id_objet", "id_user", "date_avis", "note", "commentaire") VALUES (45, 14, TO_DATE('2022-12-09', 'YYYY-MM-DD'), 9, 'Duis ac nibh.');
INSERT INTO avis ("id_objet", "id_user", "date_avis", "note", "commentaire") VALUES (45, 15, TO_DATE('2022-07-28', 'YYYY-MM-DD'), 18, 'Suspendisse potenti. In eleifend quam a odio.');
INSERT INTO avis ("id_objet", "id_user", "date_avis", "note", "commentaire") VALUES (45, 2, TO_DATE('2022-08-15', 'YYYY-MM-DD'), 7, 'Nulla justo. Aliquam quis turpis eget elit sodales scelerisque.');
INSERT INTO avis ("id_objet", "id_user", "date_avis", "note", "commentaire") VALUES (45, 3, TO_DATE('2022-12-02', 'YYYY-MM-DD'), 18, 'Maecenas tincidunt lacus at velit. Vivamus vel nulla eget eros elementum pellentesque. Quisque porta volutpat erat.');
INSERT INTO avis ("id_objet", "id_user", "date_avis", "note", "commentaire") VALUES (45, 4, TO_DATE('2022-11-18', 'YYYY-MM-DD'), 11, 'Praesent id massa id nisl venenatis lacinia.');
INSERT INTO avis ("id_objet", "id_user", "date_avis", "note", "commentaire") VALUES (45, 5, TO_DATE('2022-08-21', 'YYYY-MM-DD'), 18, 'Morbi quis tortor id nulla ultrices aliquet.');
INSERT INTO avis ("id_objet", "id_user", "date_avis", "note", "commentaire") VALUES (45, 8, TO_DATE('2022-10-26', 'YYYY-MM-DD'), 1, 'Vivamus in felis eu sapien cursus vestibulum.');
INSERT INTO avis ("id_objet", "id_user", "date_avis", "note", "commentaire") VALUES (4, 6, TO_DATE('2022-10-06', 'YYYY-MM-DD'), 9, 'Donec quis orci eget orci vehicula condimentum. Curabitur in libero ut massa volutpat convallis. Morbi odio odio, elementum eu, interdum eu, tincidunt in, leo.');
INSERT INTO avis ("id_objet", "id_user", "date_avis", "note", "commentaire") VALUES (46, 1, TO_DATE('2022-10-10', 'YYYY-MM-DD'), 16, 'Vivamus vel nulla eget eros elementum pellentesque. Quisque porta volutpat erat. Quisque erat eros, viverra eget, congue eget, semper rutrum, nulla.');
INSERT INTO avis ("id_objet", "id_user", "date_avis", "note", "commentaire") VALUES (46, 10, TO_DATE('2022-08-11', 'YYYY-MM-DD'), 14, 'Quisque id justo sit amet sapien dignissim vestibulum.');
INSERT INTO avis ("id_objet", "id_user", "date_avis", "note", "commentaire") VALUES (46, 11, TO_DATE('2022-07-11', 'YYYY-MM-DD'), 8, 'Pellentesque viverra pede ac diam.');
INSERT INTO avis ("id_objet", "id_user", "date_avis", "note", "commentaire") VALUES (46, 12, TO_DATE('2022-11-08', 'YYYY-MM-DD'), 8, 'Praesent lectus.');
INSERT INTO avis ("id_objet", "id_user", "date_avis", "note", "commentaire") VALUES (46, 15, TO_DATE('2022-08-16', 'YYYY-MM-DD'), 13, 'Vestibulum ac est lacinia nisi venenatis tristique. Fusce congue, diam id ornare imperdiet, sapien urna pretium nisl, ut volutpat sapien arcu sed augue. Aliquam erat volutpat.');
INSERT INTO avis ("id_objet", "id_user", "date_avis", "note", "commentaire") VALUES (46, 3, TO_DATE('2022-10-09', 'YYYY-MM-DD'), 1, 'Integer ac leo.');
INSERT INTO avis ("id_objet", "id_user", "date_avis", "note", "commentaire") VALUES (46, 5, TO_DATE('2022-07-24', 'YYYY-MM-DD'), 20, 'Ut at dolor quis odio consequat varius.');
INSERT INTO avis ("id_objet", "id_user", "date_avis", "note", "commentaire") VALUES (46, 6, TO_DATE('2022-12-21', 'YYYY-MM-DD'), 11, 'Morbi vel lectus in quam fringilla rhoncus. Mauris enim leo, rhoncus sed, vestibulum sit amet, cursus id, turpis.');
INSERT INTO avis ("id_objet", "id_user", "date_avis", "note", "commentaire") VALUES (46, 7, TO_DATE('2022-08-07', 'YYYY-MM-DD'), 20, 'Morbi ut odio. Cras mi pede, malesuada in, imperdiet et, commodo vulputate, justo. In blandit ultrices enim.');
INSERT INTO avis ("id_objet", "id_user", "date_avis", "note", "commentaire") VALUES (46, 8, TO_DATE('2022-08-05', 'YYYY-MM-DD'), 14, 'Praesent id massa id nisl venenatis lacinia.');
INSERT INTO avis ("id_objet", "id_user", "date_avis", "note", "commentaire") VALUES (47, 1, TO_DATE('2022-07-03', 'YYYY-MM-DD'), 14, 'Morbi a ipsum. Integer a nibh.');
INSERT INTO avis ("id_objet", "id_user", "date_avis", "note", "commentaire") VALUES (47, 10, TO_DATE('2022-11-15', 'YYYY-MM-DD'), 15, 'Integer a nibh.');
INSERT INTO avis ("id_objet", "id_user", "date_avis", "note", "commentaire") VALUES (47, 11, TO_DATE('2022-12-09', 'YYYY-MM-DD'), 7, 'In est risus, auctor sed, tristique in, tempus sit amet, sem. Fusce consequat. Nulla nisl.');
INSERT INTO avis ("id_objet", "id_user", "date_avis", "note", "commentaire") VALUES (47, 12, TO_DATE('2022-07-20', 'YYYY-MM-DD'), 2, 'Duis aliquam convallis nunc. Proin at turpis a pede posuere nonummy.');
INSERT INTO avis ("id_objet", "id_user", "date_avis", "note", "commentaire") VALUES (47, 13, TO_DATE('2022-09-13', 'YYYY-MM-DD'), 3, 'Sed vel enim sit amet nunc viverra dapibus.');
INSERT INTO avis ("id_objet", "id_user", "date_avis", "note", "commentaire") VALUES (47, 14, TO_DATE('2022-12-21', 'YYYY-MM-DD'), 6, 'Suspendisse potenti. In eleifend quam a odio. In hac habitasse platea dictumst.');
INSERT INTO avis ("id_objet", "id_user", "date_avis", "note", "commentaire") VALUES (47, 15, TO_DATE('2022-10-21', 'YYYY-MM-DD'), 8, 'Morbi ut odio. Cras mi pede, malesuada in, imperdiet et, commodo vulputate, justo.');
INSERT INTO avis ("id_objet", "id_user", "date_avis", "note", "commentaire") VALUES (47, 2, TO_DATE('2022-11-02', 'YYYY-MM-DD'), 10, 'Morbi sem mauris, laoreet ut, rhoncus aliquet, pulvinar sed, nisl. Nunc rhoncus dui vel sem. Sed sagittis.');
INSERT INTO avis ("id_objet", "id_user", "date_avis", "note", "commentaire") VALUES (47, 3, TO_DATE('2022-12-25', 'YYYY-MM-DD'), 20, 'Suspendisse potenti.');
INSERT INTO avis ("id_objet", "id_user", "date_avis", "note", "commentaire") VALUES (47, 4, TO_DATE('2022-09-21', 'YYYY-MM-DD'), 18, 'Morbi ut odio. Cras mi pede, malesuada in, imperdiet et, commodo vulputate, justo. In blandit ultrices enim.');
INSERT INTO avis ("id_objet", "id_user", "date_avis", "note", "commentaire") VALUES (47, 5, TO_DATE('2022-07-14', 'YYYY-MM-DD'), 8, 'Vestibulum sed magna at nunc commodo placerat. Praesent blandit. Nam nulla.');
INSERT INTO avis ("id_objet", "id_user", "date_avis", "note", "commentaire") VALUES (47, 6, TO_DATE('2022-07-08', 'YYYY-MM-DD'), 16, 'Etiam pretium iaculis justo.');
INSERT INTO avis ("id_objet", "id_user", "date_avis", "note", "commentaire") VALUES (47, 8, TO_DATE('2022-09-02', 'YYYY-MM-DD'), 13, 'Integer ac leo.');
INSERT INTO avis ("id_objet", "id_user", "date_avis", "note", "commentaire") VALUES (48, 10, TO_DATE('2022-11-18', 'YYYY-MM-DD'), 19, 'Nulla tempus.');
INSERT INTO avis ("id_objet", "id_user", "date_avis", "note", "commentaire") VALUES (48, 11, TO_DATE('2022-07-28', 'YYYY-MM-DD'), 8, 'Vestibulum quam sapien, varius ut, blandit non, interdum in, ante. Vestibulum ante ipsum primis in faucibus orci luctus et ultrices posuere cubilia Curae; Duis faucibus accumsan odio. Curabitur convallis.');
INSERT INTO avis ("id_objet", "id_user", "date_avis", "note", "commentaire") VALUES (48, 12, TO_DATE('2022-12-13', 'YYYY-MM-DD'), 2, 'Nulla tempus.');
INSERT INTO avis ("id_objet", "id_user", "date_avis", "note", "commentaire") VALUES (48, 13, TO_DATE('2022-07-04', 'YYYY-MM-DD'), 14, 'In eleifend quam a odio. In hac habitasse platea dictumst. Maecenas ut massa quis augue luctus tincidunt.');
INSERT INTO avis ("id_objet", "id_user", "date_avis", "note", "commentaire") VALUES (48, 14, TO_DATE('2022-08-13', 'YYYY-MM-DD'), 11, 'Duis mattis egestas metus. Aenean fermentum. Donec ut mauris eget massa tempor convallis.');
INSERT INTO avis ("id_objet", "id_user", "date_avis", "note", "commentaire") VALUES (48, 4, TO_DATE('2022-09-12', 'YYYY-MM-DD'), 20, 'Donec ut dolor. Morbi vel lectus in quam fringilla rhoncus. Mauris enim leo, rhoncus sed, vestibulum sit amet, cursus id, turpis.');
INSERT INTO avis ("id_objet", "id_user", "date_avis", "note", "commentaire") VALUES (48, 6, TO_DATE('2022-07-12', 'YYYY-MM-DD'), 20, 'Curabitur at ipsum ac tellus semper interdum.');
INSERT INTO avis ("id_objet", "id_user", "date_avis", "note", "commentaire") VALUES (48, 7, TO_DATE('2022-10-17', 'YYYY-MM-DD'), 18, 'Vestibulum ac est lacinia nisi venenatis tristique. Fusce congue, diam id ornare imperdiet, sapien urna pretium nisl, ut volutpat sapien arcu sed augue.');
INSERT INTO avis ("id_objet", "id_user", "date_avis", "note", "commentaire") VALUES (48, 8, TO_DATE('2022-09-04', 'YYYY-MM-DD'), 10, 'Suspendisse accumsan tortor quis turpis. Sed ante. Vivamus tortor.');
INSERT INTO avis ("id_objet", "id_user", "date_avis", "note", "commentaire") VALUES (48, 9, TO_DATE('2022-11-18', 'YYYY-MM-DD'), 20, 'Lorem ipsum dolor sit amet, consectetuer adipiscing elit.');
INSERT INTO avis ("id_objet", "id_user", "date_avis", "note", "commentaire") VALUES (49, 10, TO_DATE('2022-07-06', 'YYYY-MM-DD'), 18, 'Integer pede justo, lacinia eget, tincidunt eget, tempus vel, pede.');
INSERT INTO avis ("id_objet", "id_user", "date_avis", "note", "commentaire") VALUES (49, 11, TO_DATE('2022-07-09', 'YYYY-MM-DD'), 8, 'Integer ac leo. Pellentesque ultrices mattis odio.');
INSERT INTO avis ("id_objet", "id_user", "date_avis", "note", "commentaire") VALUES (49, 12, TO_DATE('2022-12-09', 'YYYY-MM-DD'), 15, 'Morbi non lectus. Aliquam sit amet diam in magna bibendum imperdiet. Nullam orci pede, venenatis non, sodales sed, tincidunt eu, felis.');
INSERT INTO avis ("id_objet", "id_user", "date_avis", "note", "commentaire") VALUES (49, 13, TO_DATE('2022-12-02', 'YYYY-MM-DD'), 18, 'Ut at dolor quis odio consequat varius. Integer ac leo. Pellentesque ultrices mattis odio.');
INSERT INTO avis ("id_objet", "id_user", "date_avis", "note", "commentaire") VALUES (49, 15, TO_DATE('2022-12-16', 'YYYY-MM-DD'), 3, 'Vestibulum ac est lacinia nisi venenatis tristique. Fusce congue, diam id ornare imperdiet, sapien urna pretium nisl, ut volutpat sapien arcu sed augue. Aliquam erat volutpat.');
INSERT INTO avis ("id_objet", "id_user", "date_avis", "note", "commentaire") VALUES (49, 3, TO_DATE('2022-10-17', 'YYYY-MM-DD'), 19, 'Cras in purus eu magna vulputate luctus. Cum sociis natoque penatibus et magnis dis parturient montes, nascetur ridiculus mus. Vivamus vestibulum sagittis sapien.');
INSERT INTO avis ("id_objet", "id_user", "date_avis", "note", "commentaire") VALUES (49, 4, TO_DATE('2022-10-23', 'YYYY-MM-DD'), 7, 'Sed sagittis. Nam congue, risus semper porta volutpat, quam pede lobortis ligula, sit amet eleifend pede libero quis orci. Nullam molestie nibh in lectus.');
INSERT INTO avis ("id_objet", "id_user", "date_avis", "note", "commentaire") VALUES (49, 5, TO_DATE('2022-10-30', 'YYYY-MM-DD'), 17, 'Suspendisse ornare consequat lectus. In est risus, auctor sed, tristique in, tempus sit amet, sem.');
INSERT INTO avis ("id_objet", "id_user", "date_avis", "note", "commentaire") VALUES (49, 6, TO_DATE('2022-10-22', 'YYYY-MM-DD'), 14, 'Vivamus vestibulum sagittis sapien. Cum sociis natoque penatibus et magnis dis parturient montes, nascetur ridiculus mus. Etiam vel augue.');
INSERT INTO avis ("id_objet", "id_user", "date_avis", "note", "commentaire") VALUES (49, 7, TO_DATE('2022-08-03', 'YYYY-MM-DD'), 1, 'Cras non velit nec nisi vulputate nonummy. Maecenas tincidunt lacus at velit. Vivamus vel nulla eget eros elementum pellentesque.');
INSERT INTO avis ("id_objet", "id_user", "date_avis", "note", "commentaire") VALUES (49, 9, TO_DATE('2022-07-13', 'YYYY-MM-DD'), 18, 'Aliquam augue quam, sollicitudin vitae, consectetuer eget, rutrum at, lorem.');
INSERT INTO avis ("id_objet", "id_user", "date_avis", "note", "commentaire") VALUES (50, 1, TO_DATE('2022-09-13', 'YYYY-MM-DD'), 7, 'Morbi quis tortor id nulla ultrices aliquet. Maecenas leo odio, condimentum id, luctus nec, molestie sed, justo. Pellentesque viverra pede ac diam.');
INSERT INTO avis ("id_objet", "id_user", "date_avis", "note", "commentaire") VALUES (50, 10, TO_DATE('2022-09-28', 'YYYY-MM-DD'), 5, 'In hac habitasse platea dictumst. Aliquam augue quam, sollicitudin vitae, consectetuer eget, rutrum at, lorem.');
INSERT INTO avis ("id_objet", "id_user", "date_avis", "note", "commentaire") VALUES (50, 11, TO_DATE('2022-12-24', 'YYYY-MM-DD'), 9, 'Suspendisse potenti.');
INSERT INTO avis ("id_objet", "id_user", "date_avis", "note", "commentaire") VALUES (50, 12, TO_DATE('2022-09-24', 'YYYY-MM-DD'), 3, 'Vestibulum ante ipsum primis in faucibus orci luctus et ultrices posuere cubilia Curae; Nulla dapibus dolor vel est. Donec odio justo, sollicitudin ut, suscipit a, feugiat et, eros. Vestibulum ac est lacinia nisi venenatis tristique.');
INSERT INTO avis ("id_objet", "id_user", "date_avis", "note", "commentaire") VALUES (50, 14, TO_DATE('2022-12-03', 'YYYY-MM-DD'), 6, 'Suspendisse ornare consequat lectus.');
INSERT INTO avis ("id_objet", "id_user", "date_avis", "note", "commentaire") VALUES (50, 15, TO_DATE('2022-11-09', 'YYYY-MM-DD'), 3, 'Vivamus vel nulla eget eros elementum pellentesque.');
INSERT INTO avis ("id_objet", "id_user", "date_avis", "note", "commentaire") VALUES (50, 2, TO_DATE('2022-12-20', 'YYYY-MM-DD'), 5, 'Proin eu mi. Nulla ac enim.');
INSERT INTO avis ("id_objet", "id_user", "date_avis", "note", "commentaire") VALUES (50, 6, TO_DATE('2022-12-16', 'YYYY-MM-DD'), 9, 'In hac habitasse platea dictumst. Maecenas ut massa quis augue luctus tincidunt.');
INSERT INTO avis ("id_objet", "id_user", "date_avis", "note", "commentaire") VALUES (50, 8, TO_DATE('2022-12-21', 'YYYY-MM-DD'), 17, 'Etiam justo. Etiam pretium iaculis justo. In hac habitasse platea dictumst.');
INSERT INTO avis ("id_objet", "id_user", "date_avis", "note", "commentaire") VALUES (50, 9, TO_DATE('2022-08-30', 'YYYY-MM-DD'), 8, 'Etiam pretium iaculis justo. In hac habitasse platea dictumst. Etiam faucibus cursus urna.');
INSERT INTO avis ("id_objet", "id_user", "date_avis", "note", "commentaire") VALUES (5, 1, TO_DATE('2022-12-12', 'YYYY-MM-DD'), 8, 'Vestibulum rutrum rutrum neque. Aenean auctor gravida sem. Praesent id massa id nisl venenatis lacinia.');
INSERT INTO avis ("id_objet", "id_user", "date_avis", "note", "commentaire") VALUES (5, 12, TO_DATE('2022-07-01', 'YYYY-MM-DD'), 14, 'Nullam varius. Nulla facilisi. Cras non velit nec nisi vulputate nonummy.');
INSERT INTO avis ("id_objet", "id_user", "date_avis", "note", "commentaire") VALUES (5, 13, TO_DATE('2022-07-17', 'YYYY-MM-DD'), 17, 'Fusce congue, diam id ornare imperdiet, sapien urna pretium nisl, ut volutpat sapien arcu sed augue. Aliquam erat volutpat.');
INSERT INTO avis ("id_objet", "id_user", "date_avis", "note", "commentaire") VALUES (5, 2, TO_DATE('2022-09-02', 'YYYY-MM-DD'), 11, 'In hac habitasse platea dictumst.');
INSERT INTO avis ("id_objet", "id_user", "date_avis", "note", "commentaire") VALUES (5, 5, TO_DATE('2022-10-10', 'YYYY-MM-DD'), 4, 'Nullam sit amet turpis elementum ligula vehicula consequat. Morbi a ipsum. Integer a nibh.');
INSERT INTO avis ("id_objet", "id_user", "date_avis", "note", "commentaire") VALUES (5, 6, TO_DATE('2022-09-15', 'YYYY-MM-DD'), 10, 'Vestibulum rutrum rutrum neque. Aenean auctor gravida sem. Praesent id massa id nisl venenatis lacinia.');
INSERT INTO avis ("id_objet", "id_user", "date_avis", "note", "commentaire") VALUES (5, 9, TO_DATE('2022-10-17', 'YYYY-MM-DD'), 5, 'Aliquam sit amet diam in magna bibendum imperdiet. Nullam orci pede, venenatis non, sodales sed, tincidunt eu, felis. Fusce posuere felis sed lacus.');
INSERT INTO avis ("id_objet", "id_user", "date_avis", "note", "commentaire") VALUES (6, 10, TO_DATE('2022-11-21', 'YYYY-MM-DD'), 2, 'Vestibulum ante ipsum primis in faucibus orci luctus et ultrices posuere cubilia Curae; Nulla dapibus dolor vel est. Donec odio justo, sollicitudin ut, suscipit a, feugiat et, eros. Vestibulum ac est lacinia nisi venenatis tristique.');
INSERT INTO avis ("id_objet", "id_user", "date_avis", "note", "commentaire") VALUES (6, 11, TO_DATE('2022-06-30', 'YYYY-MM-DD'), 15, 'In hac habitasse platea dictumst. Etiam faucibus cursus urna. Ut tellus.');
INSERT INTO avis ("id_objet", "id_user", "date_avis", "note", "commentaire") VALUES (6, 12, TO_DATE('2022-10-18', 'YYYY-MM-DD'), 4, 'Sed vel enim sit amet nunc viverra dapibus.');
INSERT INTO avis ("id_objet", "id_user", "date_avis", "note", "commentaire") VALUES (6, 14, TO_DATE('2022-09-24', 'YYYY-MM-DD'), 9, 'In sagittis dui vel nisl. Duis ac nibh.');
INSERT INTO avis ("id_objet", "id_user", "date_avis", "note", "commentaire") VALUES (6, 4, TO_DATE('2022-09-15', 'YYYY-MM-DD'), 15, 'Aenean auctor gravida sem. Praesent id massa id nisl venenatis lacinia.');
INSERT INTO avis ("id_objet", "id_user", "date_avis", "note", "commentaire") VALUES (6, 5, TO_DATE('2022-10-06', 'YYYY-MM-DD'), 18, 'Aliquam non mauris.');
INSERT INTO avis ("id_objet", "id_user", "date_avis", "note", "commentaire") VALUES (6, 6, TO_DATE('2022-11-19', 'YYYY-MM-DD'), 7, 'Pellentesque eget nunc.');
INSERT INTO avis ("id_objet", "id_user", "date_avis", "note", "commentaire") VALUES (6, 7, TO_DATE('2022-07-13', 'YYYY-MM-DD'), 11, 'Nam nulla. Integer pede justo, lacinia eget, tincidunt eget, tempus vel, pede. Morbi porttitor lorem id ligula.');
INSERT INTO avis ("id_objet", "id_user", "date_avis", "note", "commentaire") VALUES (6, 9, TO_DATE('2022-07-10', 'YYYY-MM-DD'), 2, 'Nunc purus.');
INSERT INTO avis ("id_objet", "id_user", "date_avis", "note", "commentaire") VALUES (7, 14, TO_DATE('2022-11-03', 'YYYY-MM-DD'), 17, 'In sagittis dui vel nisl. Duis ac nibh. Fusce lacus purus, aliquet at, feugiat non, pretium quis, lectus.');
INSERT INTO avis ("id_objet", "id_user", "date_avis", "note", "commentaire") VALUES (7, 15, TO_DATE('2022-07-01', 'YYYY-MM-DD'), 14, 'Nullam sit amet turpis elementum ligula vehicula consequat.');
INSERT INTO avis ("id_objet", "id_user", "date_avis", "note", "commentaire") VALUES (7, 2, TO_DATE('2022-11-03', 'YYYY-MM-DD'), 5, 'Integer pede justo, lacinia eget, tincidunt eget, tempus vel, pede. Morbi porttitor lorem id ligula.');
INSERT INTO avis ("id_objet", "id_user", "date_avis", "note", "commentaire") VALUES (7, 3, TO_DATE('2022-09-18', 'YYYY-MM-DD'), 19, 'Integer tincidunt ante vel ipsum. Praesent blandit lacinia erat. Vestibulum sed magna at nunc commodo placerat.');
INSERT INTO avis ("id_objet", "id_user", "date_avis", "note", "commentaire") VALUES (7, 5, TO_DATE('2022-10-23', 'YYYY-MM-DD'), 18, 'Morbi vel lectus in quam fringilla rhoncus.');
INSERT INTO avis ("id_objet", "id_user", "date_avis", "note", "commentaire") VALUES (7, 7, TO_DATE('2022-10-07', 'YYYY-MM-DD'), 8, 'Nam congue, risus semper porta volutpat, quam pede lobortis ligula, sit amet eleifend pede libero quis orci.');
INSERT INTO avis ("id_objet", "id_user", "date_avis", "note", "commentaire") VALUES (7, 8, TO_DATE('2022-08-22', 'YYYY-MM-DD'), 20, 'Nullam orci pede, venenatis non, sodales sed, tincidunt eu, felis. Fusce posuere felis sed lacus.');
INSERT INTO avis ("id_objet", "id_user", "date_avis", "note", "commentaire") VALUES (8, 10, TO_DATE('2022-09-29', 'YYYY-MM-DD'), 20, 'Morbi vel lectus in quam fringilla rhoncus. Mauris enim leo, rhoncus sed, vestibulum sit amet, cursus id, turpis.');
INSERT INTO avis ("id_objet", "id_user", "date_avis", "note", "commentaire") VALUES (8, 11, TO_DATE('2022-10-15', 'YYYY-MM-DD'), 14, 'Etiam vel augue. Vestibulum rutrum rutrum neque. Aenean auctor gravida sem.');
INSERT INTO avis ("id_objet", "id_user", "date_avis", "note", "commentaire") VALUES (8, 12, TO_DATE('2022-11-12', 'YYYY-MM-DD'), 8, 'In hac habitasse platea dictumst. Etiam faucibus cursus urna. Ut tellus.');
INSERT INTO avis ("id_objet", "id_user", "date_avis", "note", "commentaire") VALUES (8, 14, TO_DATE('2022-08-05', 'YYYY-MM-DD'), 7, 'Curabitur at ipsum ac tellus semper interdum. Mauris ullamcorper purus sit amet nulla. Quisque arcu libero, rutrum ac, lobortis vel, dapibus at, diam.');
INSERT INTO avis ("id_objet", "id_user", "date_avis", "note", "commentaire") VALUES (8, 4, TO_DATE('2022-12-19', 'YYYY-MM-DD'), 1, 'Morbi non quam nec dui luctus rutrum. Nulla tellus.');
INSERT INTO avis ("id_objet", "id_user", "date_avis", "note", "commentaire") VALUES (8, 5, TO_DATE('2022-08-08', 'YYYY-MM-DD'), 6, 'Vestibulum ante ipsum primis in faucibus orci luctus et ultrices posuere cubilia Curae; Nulla dapibus dolor vel est.');
INSERT INTO avis ("id_objet", "id_user", "date_avis", "note", "commentaire") VALUES (8, 6, TO_DATE('2022-11-24', 'YYYY-MM-DD'), 8, 'Aliquam quis turpis eget elit sodales scelerisque.');
INSERT INTO avis ("id_objet", "id_user", "date_avis", "note", "commentaire") VALUES (8, 7, TO_DATE('2022-09-07', 'YYYY-MM-DD'), 12, 'Etiam justo. Etiam pretium iaculis justo. In hac habitasse platea dictumst.');
INSERT INTO avis ("id_objet", "id_user", "date_avis", "note", "commentaire") VALUES (8, 8, TO_DATE('2022-08-03', 'YYYY-MM-DD'), 5, 'Aliquam non mauris. Morbi non lectus.');
INSERT INTO avis ("id_objet", "id_user", "date_avis", "note", "commentaire") VALUES (8, 9, TO_DATE('2022-08-02', 'YYYY-MM-DD'), 13, 'Duis ac nibh. Fusce lacus purus, aliquet at, feugiat non, pretium quis, lectus. Suspendisse potenti.');
INSERT INTO avis ("id_objet", "id_user", "date_avis", "note", "commentaire") VALUES (9, 1, TO_DATE('2022-11-17', 'YYYY-MM-DD'), 6, 'Pellentesque viverra pede ac diam. Cras pellentesque volutpat dui. Maecenas tristique, est et tempus semper, est quam pharetra magna, ac consequat metus sapien ut nunc.');
INSERT INTO avis ("id_objet", "id_user", "date_avis", "note", "commentaire") VALUES (9, 10, TO_DATE('2022-09-08', 'YYYY-MM-DD'), 5, 'Curabitur gravida nisi at nibh.');
INSERT INTO avis ("id_objet", "id_user", "date_avis", "note", "commentaire") VALUES (9, 11, TO_DATE('2022-08-02', 'YYYY-MM-DD'), 11, 'Duis bibendum, felis sed interdum venenatis, turpis enim blandit mi, in porttitor pede justo eu massa. Donec dapibus. Duis at velit eu est congue elementum.');
INSERT INTO avis ("id_objet", "id_user", "date_avis", "note", "commentaire") VALUES (9, 13, TO_DATE('2022-08-07', 'YYYY-MM-DD'), 13, 'Nulla tempus. Vivamus in felis eu sapien cursus vestibulum.');
INSERT INTO avis ("id_objet", "id_user", "date_avis", "note", "commentaire") VALUES (9, 15, TO_DATE('2022-07-21', 'YYYY-MM-DD'), 13, 'Nullam sit amet turpis elementum ligula vehicula consequat. Morbi a ipsum.');
INSERT INTO avis ("id_objet", "id_user", "date_avis", "note", "commentaire") VALUES (9, 4, TO_DATE('2022-09-09', 'YYYY-MM-DD'), 17, 'Donec semper sapien a libero. Nam dui. Proin leo odio, porttitor id, consequat in, consequat ut, nulla.');
INSERT INTO avis ("id_objet", "id_user", "date_avis", "note", "commentaire") VALUES (9, 7, TO_DATE('2022-07-09', 'YYYY-MM-DD'), 20, 'Nullam varius.');
INSERT INTO avis ("id_objet", "id_user", "date_avis", "note", "commentaire") VALUES (9, 8, TO_DATE('2022-12-08', 'YYYY-MM-DD'), 3, 'Praesent lectus. Vestibulum quam sapien, varius ut, blandit non, interdum in, ante. Vestibulum ante ipsum primis in faucibus orci luctus et ultrices posuere cubilia Curae; Duis faucibus accumsan odio.');
INSERT INTO avis ("id_objet", "id_user", "date_avis", "note", "commentaire") VALUES (9, 9, TO_DATE('2022-07-18', 'YYYY-MM-DD'), 10, 'Nunc purus. Phasellus in felis.');

-- Insertion dans PREVOIT_ACHAT

INSERT INTO prevoit_achat ("id_objet", "id_user") VALUES (21, 6);
INSERT INTO prevoit_achat ("id_objet", "id_user") VALUES (24, 5);
INSERT INTO prevoit_achat ("id_objet", "id_user") VALUES (5, 2);
INSERT INTO prevoit_achat ("id_objet", "id_user") VALUES (5, 12);
INSERT INTO prevoit_achat ("id_objet", "id_user") VALUES (44, 9);
INSERT INTO prevoit_achat ("id_objet", "id_user") VALUES (23, 2);
INSERT INTO prevoit_achat ("id_objet", "id_user") VALUES (21, 14);
INSERT INTO prevoit_achat ("id_objet", "id_user") VALUES (12, 12);
INSERT INTO prevoit_achat ("id_objet", "id_user") VALUES (10, 15);
INSERT INTO prevoit_achat ("id_objet", "id_user") VALUES (23, 15);
INSERT INTO prevoit_achat ("id_objet", "id_user") VALUES (2, 13);
INSERT INTO prevoit_achat ("id_objet", "id_user") VALUES (25, 9);
INSERT INTO prevoit_achat ("id_objet", "id_user") VALUES (40, 13);
INSERT INTO prevoit_achat ("id_objet", "id_user") VALUES (49, 12);
INSERT INTO prevoit_achat ("id_objet", "id_user") VALUES (19, 12);
INSERT INTO prevoit_achat ("id_objet", "id_user") VALUES (4, 4);
INSERT INTO prevoit_achat ("id_objet", "id_user") VALUES (47, 6);
INSERT INTO prevoit_achat ("id_objet", "id_user") VALUES (46, 11);
INSERT INTO prevoit_achat ("id_objet", "id_user") VALUES (12, 13);
INSERT INTO prevoit_achat ("id_objet", "id_user") VALUES (49, 1);
INSERT INTO prevoit_achat ("id_objet", "id_user") VALUES (2, 5);
INSERT INTO prevoit_achat ("id_objet", "id_user") VALUES (23, 3);
INSERT INTO prevoit_achat ("id_objet", "id_user") VALUES (35, 5);
INSERT INTO prevoit_achat ("id_objet", "id_user") VALUES (25, 15);
INSERT INTO prevoit_achat ("id_objet", "id_user") VALUES (47, 9);
INSERT INTO prevoit_achat ("id_objet", "id_user") VALUES (47, 6);
INSERT INTO prevoit_achat ("id_objet", "id_user") VALUES (4, 7);
INSERT INTO prevoit_achat ("id_objet", "id_user") VALUES (6, 15);
INSERT INTO prevoit_achat ("id_objet", "id_user") VALUES (17, 2);
INSERT INTO prevoit_achat ("id_objet", "id_user") VALUES (21, 5);
INSERT INTO prevoit_achat ("id_objet", "id_user") VALUES (18, 5);
INSERT INTO prevoit_achat ("id_objet", "id_user") VALUES (11, 6);
INSERT INTO prevoit_achat ("id_objet", "id_user") VALUES (31, 10);
INSERT INTO prevoit_achat ("id_objet", "id_user") VALUES (9, 7);
INSERT INTO prevoit_achat ("id_objet", "id_user") VALUES (45, 5);
INSERT INTO prevoit_achat ("id_objet", "id_user") VALUES (40, 15);
INSERT INTO prevoit_achat ("id_objet", "id_user") VALUES (10, 15);
INSERT INTO prevoit_achat ("id_objet", "id_user") VALUES (10, 9);
INSERT INTO prevoit_achat ("id_objet", "id_user") VALUES (2, 8);
INSERT INTO prevoit_achat ("id_objet", "id_user") VALUES (11, 9);

-- Insertion dans APPARTIENT A

INSERT INTO appartient_a ("id_objet", "id_liste") VALUES (11, 48);
INSERT INTO appartient_a ("id_objet", "id_liste") VALUES (20, 48);
INSERT INTO appartient_a ("id_objet", "id_liste") VALUES (32, 20);
INSERT INTO appartient_a ("id_objet", "id_liste") VALUES (12, 20);
INSERT INTO appartient_a ("id_objet", "id_liste") VALUES (15, 25);
INSERT INTO appartient_a ("id_objet", "id_liste") VALUES (38, 51);
INSERT INTO appartient_a ("id_objet", "id_liste") VALUES (16, 42);
INSERT INTO appartient_a ("id_objet", "id_liste") VALUES (19, 42);
INSERT INTO appartient_a ("id_objet", "id_liste") VALUES (5, 42);
INSERT INTO appartient_a ("id_objet", "id_liste") VALUES (33, 42);
INSERT INTO appartient_a ("id_objet", "id_liste") VALUES (10, 42);
INSERT INTO appartient_a ("id_objet", "id_liste") VALUES (47, 42);
INSERT INTO appartient_a ("id_objet", "id_liste") VALUES (26, 42);
INSERT INTO appartient_a ("id_objet", "id_liste") VALUES (29, 42);
INSERT INTO appartient_a ("id_objet", "id_liste") VALUES (30, 42);
INSERT INTO appartient_a ("id_objet", "id_liste") VALUES (11, 1);
INSERT INTO appartient_a ("id_objet", "id_liste") VALUES (19, 1);
INSERT INTO appartient_a ("id_objet", "id_liste") VALUES (36, 1);
INSERT INTO appartient_a ("id_objet", "id_liste") VALUES (38, 15);
INSERT INTO appartient_a ("id_objet", "id_liste") VALUES (20, 15);
INSERT INTO appartient_a ("id_objet", "id_liste") VALUES (12, 15);
INSERT INTO appartient_a ("id_objet", "id_liste") VALUES (19, 54);
INSERT INTO appartient_a ("id_objet", "id_liste") VALUES (33, 54);
INSERT INTO appartient_a ("id_objet", "id_liste") VALUES (7, 54);
INSERT INTO appartient_a ("id_objet", "id_liste") VALUES (14, 54);
INSERT INTO appartient_a ("id_objet", "id_liste") VALUES (47, 54);
INSERT INTO appartient_a ("id_objet", "id_liste") VALUES (37, 54);
INSERT INTO appartient_a ("id_objet", "id_liste") VALUES (27, 3);
INSERT INTO appartient_a ("id_objet", "id_liste") VALUES (31, 3);
INSERT INTO appartient_a ("id_objet", "id_liste") VALUES (26, 3);
INSERT INTO appartient_a ("id_objet", "id_liste") VALUES (35, 3);
INSERT INTO appartient_a ("id_objet", "id_liste") VALUES (5, 3);
INSERT INTO appartient_a ("id_objet", "id_liste") VALUES (10, 3);
INSERT INTO appartient_a ("id_objet", "id_liste") VALUES (4, 13);
INSERT INTO appartient_a ("id_objet", "id_liste") VALUES (20, 13);
INSERT INTO appartient_a ("id_objet", "id_liste") VALUES (36, 13);
INSERT INTO appartient_a ("id_objet", "id_liste") VALUES (15, 17);
INSERT INTO appartient_a ("id_objet", "id_liste") VALUES (11, 17);
INSERT INTO appartient_a ("id_objet", "id_liste") VALUES (12, 17);
INSERT INTO appartient_a ("id_objet", "id_liste") VALUES (36, 22);
INSERT INTO appartient_a ("id_objet", "id_liste") VALUES (4, 22);
INSERT INTO appartient_a ("id_objet", "id_liste") VALUES (20, 22);
INSERT INTO appartient_a ("id_objet", "id_liste") VALUES (22, 22);
INSERT INTO appartient_a ("id_objet", "id_liste") VALUES (32, 22);
INSERT INTO appartient_a ("id_objet", "id_liste") VALUES (11, 22);
INSERT INTO appartient_a ("id_objet", "id_liste") VALUES (38, 22);
INSERT INTO appartient_a ("id_objet", "id_liste") VALUES (12, 22);
INSERT INTO appartient_a ("id_objet", "id_liste") VALUES (14, 11);
INSERT INTO appartient_a ("id_objet", "id_liste") VALUES (16, 11);
INSERT INTO appartient_a ("id_objet", "id_liste") VALUES (23, 11);
INSERT INTO appartient_a ("id_objet", "id_liste") VALUES (24, 11);
INSERT INTO appartient_a ("id_objet", "id_liste") VALUES (26, 11);
INSERT INTO appartient_a ("id_objet", "id_liste") VALUES (33, 11);
INSERT INTO appartient_a ("id_objet", "id_liste") VALUES (40, 14);
INSERT INTO appartient_a ("id_objet", "id_liste") VALUES (41, 14);
INSERT INTO appartient_a ("id_objet", "id_liste") VALUES (8, 14);
INSERT INTO appartient_a ("id_objet", "id_liste") VALUES (47, 14);
INSERT INTO appartient_a ("id_objet", "id_liste") VALUES (49, 14);
INSERT INTO appartient_a ("id_objet", "id_liste") VALUES (48, 14);
INSERT INTO appartient_a ("id_objet", "id_liste") VALUES (6, 33);
INSERT INTO appartient_a ("id_objet", "id_liste") VALUES (37, 33);
INSERT INTO appartient_a ("id_objet", "id_liste") VALUES (31, 33);
INSERT INTO appartient_a ("id_objet", "id_liste") VALUES (35, 33);
INSERT INTO appartient_a ("id_objet", "id_liste") VALUES (43, 34);
INSERT INTO appartient_a ("id_objet", "id_liste") VALUES (27, 34);
INSERT INTO appartient_a ("id_objet", "id_liste") VALUES (30, 34);
INSERT INTO appartient_a ("id_objet", "id_liste") VALUES (47, 8);
INSERT INTO appartient_a ("id_objet", "id_liste") VALUES (49, 8);
INSERT INTO appartient_a ("id_objet", "id_liste") VALUES (40, 8);
INSERT INTO appartient_a ("id_objet", "id_liste") VALUES (10, 8);
INSERT INTO appartient_a ("id_objet", "id_liste") VALUES (23, 8);
INSERT INTO appartient_a ("id_objet", "id_liste") VALUES (8, 8);
INSERT INTO appartient_a ("id_objet", "id_liste") VALUES (7, 8);
INSERT INTO appartient_a ("id_objet", "id_liste") VALUES (41, 21);
INSERT INTO appartient_a ("id_objet", "id_liste") VALUES (6, 21);
INSERT INTO appartient_a ("id_objet", "id_liste") VALUES (43, 21);
INSERT INTO appartient_a ("id_objet", "id_liste") VALUES (31, 21);
INSERT INTO appartient_a ("id_objet", "id_liste") VALUES (16, 21);
INSERT INTO appartient_a ("id_objet", "id_liste") VALUES (29, 21);
INSERT INTO appartient_a ("id_objet", "id_liste") VALUES (5, 21);
INSERT INTO appartient_a ("id_objet", "id_liste") VALUES (37, 21);
INSERT INTO appartient_a ("id_objet", "id_liste") VALUES (3, 21);
INSERT INTO appartient_a ("id_objet", "id_liste") VALUES (27, 8);
INSERT INTO appartient_a ("id_objet", "id_liste") VALUES (24, 21);
INSERT INTO appartient_a ("id_objet", "id_liste") VALUES (2, 23);
INSERT INTO appartient_a ("id_objet", "id_liste") VALUES (25, 23);
INSERT INTO appartient_a ("id_objet", "id_liste") VALUES (46, 23);
INSERT INTO appartient_a ("id_objet", "id_liste") VALUES (17, 23);
INSERT INTO appartient_a ("id_objet", "id_liste") VALUES (42, 23);
INSERT INTO appartient_a ("id_objet", "id_liste") VALUES (45, 23);
INSERT INTO appartient_a ("id_objet", "id_liste") VALUES (1, 23);
INSERT INTO appartient_a ("id_objet", "id_liste") VALUES (18, 23);
INSERT INTO appartient_a ("id_objet", "id_liste") VALUES (21, 23);
INSERT INTO appartient_a ("id_objet", "id_liste") VALUES (39, 23);
INSERT INTO appartient_a ("id_objet", "id_liste") VALUES (14, 43);
INSERT INTO appartient_a ("id_objet", "id_liste") VALUES (16, 43);
INSERT INTO appartient_a ("id_objet", "id_liste") VALUES (27, 43);
INSERT INTO appartient_a ("id_objet", "id_liste") VALUES (31, 43);
INSERT INTO appartient_a ("id_objet", "id_liste") VALUES (40, 43);
INSERT INTO appartient_a ("id_objet", "id_liste") VALUES (41, 19);
INSERT INTO appartient_a ("id_objet", "id_liste") VALUES (43, 19);
INSERT INTO appartient_a ("id_objet", "id_liste") VALUES (47, 19);
INSERT INTO appartient_a ("id_objet", "id_liste") VALUES (49, 19);
INSERT INTO appartient_a ("id_objet", "id_liste") VALUES (5, 19);
INSERT INTO appartient_a ("id_objet", "id_liste") VALUES (6, 38);
INSERT INTO appartient_a ("id_objet", "id_liste") VALUES (23, 38);
INSERT INTO appartient_a ("id_objet", "id_liste") VALUES (26, 38);
INSERT INTO appartient_a ("id_objet", "id_liste") VALUES (10, 38);
INSERT INTO appartient_a ("id_objet", "id_liste") VALUES (8, 38);
INSERT INTO appartient_a ("id_objet", "id_liste") VALUES (3, 31);
INSERT INTO appartient_a ("id_objet", "id_liste") VALUES (29, 31);
INSERT INTO appartient_a ("id_objet", "id_liste") VALUES (48, 31);
INSERT INTO appartient_a ("id_objet", "id_liste") VALUES (37, 31);
INSERT INTO appartient_a ("id_objet", "id_liste") VALUES (30, 31);
INSERT INTO appartient_a ("id_objet", "id_liste") VALUES (33, 31);
INSERT INTO appartient_a ("id_objet", "id_liste") VALUES (15, 6);
INSERT INTO appartient_a ("id_objet", "id_liste") VALUES (4, 6);
INSERT INTO appartient_a ("id_objet", "id_liste") VALUES (38, 6);
INSERT INTO appartient_a ("id_objet", "id_liste") VALUES (12, 6);
INSERT INTO appartient_a ("id_objet", "id_liste") VALUES (20, 6);
INSERT INTO appartient_a ("id_objet", "id_liste") VALUES (32, 6);
INSERT INTO appartient_a ("id_objet", "id_liste") VALUES (11, 6);
INSERT INTO appartient_a ("id_objet", "id_liste") VALUES (13, 29);
INSERT INTO appartient_a ("id_objet", "id_liste") VALUES (21, 29);
INSERT INTO appartient_a ("id_objet", "id_liste") VALUES (2, 29);
INSERT INTO appartient_a ("id_objet", "id_liste") VALUES (39, 29);
INSERT INTO appartient_a ("id_objet", "id_liste") VALUES (42, 29);
INSERT INTO appartient_a ("id_objet", "id_liste") VALUES (50, 29);
INSERT INTO appartient_a ("id_objet", "id_liste") VALUES (28, 29);
INSERT INTO appartient_a ("id_objet", "id_liste") VALUES (46, 29);
INSERT INTO appartient_a ("id_objet", "id_liste") VALUES (44, 29);
INSERT INTO appartient_a ("id_objet", "id_liste") VALUES (1, 29);
INSERT INTO appartient_a ("id_objet", "id_liste") VALUES (17, 29);
INSERT INTO appartient_a ("id_objet", "id_liste") VALUES (13, 47);
INSERT INTO appartient_a ("id_objet", "id_liste") VALUES (18, 47);
INSERT INTO appartient_a ("id_objet", "id_liste") VALUES (21, 47);
INSERT INTO appartient_a ("id_objet", "id_liste") VALUES (25, 47);
INSERT INTO appartient_a ("id_objet", "id_liste") VALUES (28, 47);
INSERT INTO appartient_a ("id_objet", "id_liste") VALUES (9, 47);
INSERT INTO appartient_a ("id_objet", "id_liste") VALUES (34, 47);
INSERT INTO appartient_a ("id_objet", "id_liste") VALUES (46, 47);
INSERT INTO appartient_a ("id_objet", "id_liste") VALUES (44, 47);
INSERT INTO appartient_a ("id_objet", "id_liste") VALUES (2, 47);
INSERT INTO appartient_a ("id_objet", "id_liste") VALUES (14, 26);
INSERT INTO appartient_a ("id_objet", "id_liste") VALUES (26, 26);
INSERT INTO appartient_a ("id_objet", "id_liste") VALUES (35, 26);
INSERT INTO appartient_a ("id_objet", "id_liste") VALUES (3, 26);
INSERT INTO appartient_a ("id_objet", "id_liste") VALUES (37, 26);
INSERT INTO appartient_a ("id_objet", "id_liste") VALUES (40, 26);
INSERT INTO appartient_a ("id_objet", "id_liste") VALUES (41, 26);
INSERT INTO appartient_a ("id_objet", "id_liste") VALUES (43, 26);
INSERT INTO appartient_a ("id_objet", "id_liste") VALUES (29, 26);
INSERT INTO appartient_a ("id_objet", "id_liste") VALUES (23, 26);
INSERT INTO appartient_a ("id_objet", "id_liste") VALUES (38, 46);
INSERT INTO appartient_a ("id_objet", "id_liste") VALUES (11, 46);
INSERT INTO appartient_a ("id_objet", "id_liste") VALUES (36, 47);
INSERT INTO appartient_a ("id_objet", "id_liste") VALUES (15, 47);
INSERT INTO appartient_a ("id_objet", "id_liste") VALUES (16, 5);
INSERT INTO appartient_a ("id_objet", "id_liste") VALUES (23, 5);
INSERT INTO appartient_a ("id_objet", "id_liste") VALUES (24, 5);
INSERT INTO appartient_a ("id_objet", "id_liste") VALUES (40, 5);
INSERT INTO appartient_a ("id_objet", "id_liste") VALUES (43, 5);
INSERT INTO appartient_a ("id_objet", "id_liste") VALUES (47, 5);
INSERT INTO appartient_a ("id_objet", "id_liste") VALUES (8, 5);
INSERT INTO appartient_a ("id_objet", "id_liste") VALUES (19, 5);
INSERT INTO appartient_a ("id_objet", "id_liste") VALUES (30, 5);
INSERT INTO appartient_a ("id_objet", "id_liste") VALUES (41, 5);
INSERT INTO appartient_a ("id_objet", "id_liste") VALUES (32, 18);
INSERT INTO appartient_a ("id_objet", "id_liste") VALUES (36, 18);
INSERT INTO appartient_a ("id_objet", "id_liste") VALUES (38, 18);
INSERT INTO appartient_a ("id_objet", "id_liste") VALUES (22, 18);
INSERT INTO appartient_a ("id_objet", "id_liste") VALUES (15, 18);
INSERT INTO appartient_a ("id_objet", "id_liste") VALUES (20, 18);
INSERT INTO appartient_a ("id_objet", "id_liste") VALUES (10, 4);
INSERT INTO appartient_a ("id_objet", "id_liste") VALUES (14, 4);
INSERT INTO appartient_a ("id_objet", "id_liste") VALUES (23, 4);
INSERT INTO appartient_a ("id_objet", "id_liste") VALUES (24, 4);
INSERT INTO appartient_a ("id_objet", "id_liste") VALUES (27, 4);
INSERT INTO appartient_a ("id_objet", "id_liste") VALUES (30, 4);
INSERT INTO appartient_a ("id_objet", "id_liste") VALUES (33, 4);
INSERT INTO appartient_a ("id_objet", "id_liste") VALUES (3, 4);
INSERT INTO appartient_a ("id_objet", "id_liste") VALUES (19, 4);
INSERT INTO appartient_a ("id_objet", "id_liste") VALUES (8, 59);
INSERT INTO appartient_a ("id_objet", "id_liste") VALUES (29, 59);
INSERT INTO appartient_a ("id_objet", "id_liste") VALUES (5, 59);
INSERT INTO appartient_a ("id_objet", "id_liste") VALUES (49, 59);
INSERT INTO appartient_a ("id_objet", "id_liste") VALUES (6, 59);
INSERT INTO appartient_a ("id_objet", "id_liste") VALUES (48, 59);
INSERT INTO appartient_a ("id_objet", "id_liste") VALUES (37, 59);
INSERT INTO appartient_a ("id_objet", "id_liste") VALUES (31, 59);
INSERT INTO appartient_a ("id_objet", "id_liste") VALUES (41, 59);
INSERT INTO appartient_a ("id_objet", "id_liste") VALUES (40, 59);
INSERT INTO appartient_a ("id_objet", "id_liste") VALUES (13, 44);
INSERT INTO appartient_a ("id_objet", "id_liste") VALUES (1, 44);
INSERT INTO appartient_a ("id_objet", "id_liste") VALUES (21, 44);
INSERT INTO appartient_a ("id_objet", "id_liste") VALUES (9, 44);
INSERT INTO appartient_a ("id_objet", "id_liste") VALUES (44, 44);
INSERT INTO appartient_a ("id_objet", "id_liste") VALUES (17, 37);
INSERT INTO appartient_a ("id_objet", "id_liste") VALUES (42, 37);
INSERT INTO appartient_a ("id_objet", "id_liste") VALUES (28, 37);
INSERT INTO appartient_a ("id_objet", "id_liste") VALUES (34, 37);
INSERT INTO appartient_a ("id_objet", "id_liste") VALUES (50, 37);
INSERT INTO appartient_a ("id_objet", "id_liste") VALUES (20, 36);
INSERT INTO appartient_a ("id_objet", "id_liste") VALUES (22, 36);
INSERT INTO appartient_a ("id_objet", "id_liste") VALUES (36, 36);
INSERT INTO appartient_a ("id_objet", "id_liste") VALUES (38, 36);
INSERT INTO appartient_a ("id_objet", "id_liste") VALUES (32, 36);
INSERT INTO appartient_a ("id_objet", "id_liste") VALUES (16, 7);
INSERT INTO appartient_a ("id_objet", "id_liste") VALUES (19, 7);
INSERT INTO appartient_a ("id_objet", "id_liste") VALUES (26, 7);
INSERT INTO appartient_a ("id_objet", "id_liste") VALUES (35, 7);
INSERT INTO appartient_a ("id_objet", "id_liste") VALUES (48, 7);
INSERT INTO appartient_a ("id_objet", "id_liste") VALUES (6, 40);
INSERT INTO appartient_a ("id_objet", "id_liste") VALUES (33, 40);
INSERT INTO appartient_a ("id_objet", "id_liste") VALUES (31, 40);
INSERT INTO appartient_a ("id_objet", "id_liste") VALUES (10, 40);
INSERT INTO appartient_a ("id_objet", "id_liste") VALUES (14, 40);
INSERT INTO appartient_a ("id_objet", "id_liste") VALUES (8, 10);
INSERT INTO appartient_a ("id_objet", "id_liste") VALUES (49, 10);
INSERT INTO appartient_a ("id_objet", "id_liste") VALUES (43, 10);
INSERT INTO appartient_a ("id_objet", "id_liste") VALUES (47, 10);
INSERT INTO appartient_a ("id_objet", "id_liste") VALUES (27, 10);
INSERT INTO appartient_a ("id_objet", "id_liste") VALUES (20, 49);
INSERT INTO appartient_a ("id_objet", "id_liste") VALUES (32, 12);
INSERT INTO appartient_a ("id_objet", "id_liste") VALUES (38, 12);
INSERT INTO appartient_a ("id_objet", "id_liste") VALUES (25, 53);
INSERT INTO appartient_a ("id_objet", "id_liste") VALUES (50, 53);
INSERT INTO appartient_a ("id_objet", "id_liste") VALUES (44, 53);
INSERT INTO appartient_a ("id_objet", "id_liste") VALUES (21, 53);
INSERT INTO appartient_a ("id_objet", "id_liste") VALUES (34, 53);
INSERT INTO appartient_a ("id_objet", "id_liste") VALUES (1, 53);
INSERT INTO appartient_a ("id_objet", "id_liste") VALUES (9, 53);
INSERT INTO appartient_a ("id_objet", "id_liste") VALUES (28, 53);
INSERT INTO appartient_a ("id_objet", "id_liste") VALUES (39, 53);
INSERT INTO appartient_a ("id_objet", "id_liste") VALUES (46, 53);
INSERT INTO appartient_a ("id_objet", "id_liste") VALUES (2, 53);
INSERT INTO appartient_a ("id_objet", "id_liste") VALUES (10, 32);
INSERT INTO appartient_a ("id_objet", "id_liste") VALUES (23, 32);
INSERT INTO appartient_a ("id_objet", "id_liste") VALUES (30, 32);
INSERT INTO appartient_a ("id_objet", "id_liste") VALUES (37, 32);
INSERT INTO appartient_a ("id_objet", "id_liste") VALUES (48, 32);
INSERT INTO appartient_a ("id_objet", "id_liste") VALUES (49, 32);
INSERT INTO appartient_a ("id_objet", "id_liste") VALUES (33, 28);
INSERT INTO appartient_a ("id_objet", "id_liste") VALUES (3, 28);
INSERT INTO appartient_a ("id_objet", "id_liste") VALUES (16, 28);
INSERT INTO appartient_a ("id_objet", "id_liste") VALUES (8, 28);
INSERT INTO appartient_a ("id_objet", "id_liste") VALUES (27, 28);
INSERT INTO appartient_a ("id_objet", "id_liste") VALUES (19, 28);
INSERT INTO appartient_a ("id_objet", "id_liste") VALUES (47, 24);
INSERT INTO appartient_a ("id_objet", "id_liste") VALUES (41, 24);
INSERT INTO appartient_a ("id_objet", "id_liste") VALUES (14, 24);
INSERT INTO appartient_a ("id_objet", "id_liste") VALUES (43, 24);
INSERT INTO appartient_a ("id_objet", "id_liste") VALUES (29, 24);
INSERT INTO appartient_a ("id_objet", "id_liste") VALUES (2, 35);
INSERT INTO appartient_a ("id_objet", "id_liste") VALUES (34, 35);
INSERT INTO appartient_a ("id_objet", "id_liste") VALUES (42, 35);
INSERT INTO appartient_a ("id_objet", "id_liste") VALUES (28, 35);
INSERT INTO appartient_a ("id_objet", "id_liste") VALUES (50, 35);
INSERT INTO appartient_a ("id_objet", "id_liste") VALUES (45, 35);
INSERT INTO appartient_a ("id_objet", "id_liste") VALUES (46, 35);
INSERT INTO appartient_a ("id_objet", "id_liste") VALUES (9, 35);
INSERT INTO appartient_a ("id_objet", "id_liste") VALUES (15, 39);
INSERT INTO appartient_a ("id_objet", "id_liste") VALUES (22, 39);
INSERT INTO appartient_a ("id_objet", "id_liste") VALUES (12, 39);
INSERT INTO appartient_a ("id_objet", "id_liste") VALUES (38, 39);
INSERT INTO appartient_a ("id_objet", "id_liste") VALUES (32, 39);
INSERT INTO appartient_a ("id_objet", "id_liste") VALUES (45, 30);
INSERT INTO appartient_a ("id_objet", "id_liste") VALUES (25, 30);
INSERT INTO appartient_a ("id_objet", "id_liste") VALUES (46, 30);
INSERT INTO appartient_a ("id_objet", "id_liste") VALUES (13, 30);
INSERT INTO appartient_a ("id_objet", "id_liste") VALUES (50, 30);
INSERT INTO appartient_a ("id_objet", "id_liste") VALUES (2, 30);
INSERT INTO appartient_a ("id_objet", "id_liste") VALUES (44, 30);
INSERT INTO appartient_a ("id_objet", "id_liste") VALUES (34, 30);
INSERT INTO appartient_a ("id_objet", "id_liste") VALUES (16, 16);
INSERT INTO appartient_a ("id_objet", "id_liste") VALUES (24, 16);
INSERT INTO appartient_a ("id_objet", "id_liste") VALUES (37, 16);
INSERT INTO appartient_a ("id_objet", "id_liste") VALUES (40, 16);
INSERT INTO appartient_a ("id_objet", "id_liste") VALUES (47, 16);
INSERT INTO appartient_a ("id_objet", "id_liste") VALUES (48, 2);
INSERT INTO appartient_a ("id_objet", "id_liste") VALUES (6, 2);
INSERT INTO appartient_a ("id_objet", "id_liste") VALUES (8, 2);
INSERT INTO appartient_a ("id_objet", "id_liste") VALUES (35, 2);
INSERT INTO appartient_a ("id_objet", "id_liste") VALUES (30, 2);
INSERT INTO appartient_a ("id_objet", "id_liste") VALUES (5, 41);
INSERT INTO appartient_a ("id_objet", "id_liste") VALUES (14, 41);
INSERT INTO appartient_a ("id_objet", "id_liste") VALUES (3, 41);
INSERT INTO appartient_a ("id_objet", "id_liste") VALUES (26, 41);
INSERT INTO appartient_a ("id_objet", "id_liste") VALUES (43, 41);
INSERT INTO appartient_a ("id_objet", "id_liste") VALUES (41, 41);
INSERT INTO appartient_a ("id_objet", "id_liste") VALUES (24, 52);
INSERT INTO appartient_a ("id_objet", "id_liste") VALUES (29, 52);
INSERT INTO appartient_a ("id_objet", "id_liste") VALUES (3, 52);
INSERT INTO appartient_a ("id_objet", "id_liste") VALUES (40, 52);
INSERT INTO appartient_a ("id_objet", "id_liste") VALUES (41, 52);
INSERT INTO appartient_a ("id_objet", "id_liste") VALUES (43, 52);
INSERT INTO appartient_a ("id_objet", "id_liste") VALUES (5, 52);
INSERT INTO appartient_a ("id_objet", "id_liste") VALUES (16, 52);
INSERT INTO appartient_a ("id_objet", "id_liste") VALUES (49, 52);
INSERT INTO appartient_a ("id_objet", "id_liste") VALUES (19, 52);
INSERT INTO appartient_a ("id_objet", "id_liste") VALUES (33, 52);
INSERT INTO appartient_a ("id_objet", "id_liste") VALUES (30, 52);
INSERT INTO appartient_a ("id_objet", "id_liste") VALUES (2, 58);
INSERT INTO appartient_a ("id_objet", "id_liste") VALUES (34, 58);
INSERT INTO appartient_a ("id_objet", "id_liste") VALUES (39, 58);
INSERT INTO appartient_a ("id_objet", "id_liste") VALUES (44, 58);
INSERT INTO appartient_a ("id_objet", "id_liste") VALUES (18, 58);
INSERT INTO appartient_a ("id_objet", "id_liste") VALUES (21, 58);
INSERT INTO appartient_a ("id_objet", "id_liste") VALUES (9, 58);
INSERT INTO appartient_a ("id_objet", "id_liste") VALUES (28, 58);
INSERT INTO appartient_a ("id_objet", "id_liste") VALUES (17, 58);
INSERT INTO appartient_a ("id_objet", "id_liste") VALUES (26, 45);
INSERT INTO appartient_a ("id_objet", "id_liste") VALUES (31, 45);
INSERT INTO appartient_a ("id_objet", "id_liste") VALUES (3, 45);
INSERT INTO appartient_a ("id_objet", "id_liste") VALUES (35, 45);
INSERT INTO appartient_a ("id_objet", "id_liste") VALUES (7, 45);
INSERT INTO appartient_a ("id_objet", "id_liste") VALUES (19, 45);
INSERT INTO appartient_a ("id_objet", "id_liste") VALUES (6, 45);
INSERT INTO appartient_a ("id_objet", "id_liste") VALUES (29, 45);
INSERT INTO appartient_a ("id_objet", "id_liste") VALUES (16, 60);
INSERT INTO appartient_a ("id_objet", "id_liste") VALUES (23, 60);
INSERT INTO appartient_a ("id_objet", "id_liste") VALUES (47, 60);
INSERT INTO appartient_a ("id_objet", "id_liste") VALUES (10, 60);
INSERT INTO appartient_a ("id_objet", "id_liste") VALUES (33, 60);
INSERT INTO appartient_a ("id_objet", "id_liste") VALUES (41, 60);
INSERT INTO appartient_a ("id_objet", "id_liste") VALUES (24, 60);
INSERT INTO appartient_a ("id_objet", "id_liste") VALUES (48, 60);
INSERT INTO appartient_a ("id_objet", "id_liste") VALUES (30, 56);
INSERT INTO appartient_a ("id_objet", "id_liste") VALUES (8, 56);
INSERT INTO appartient_a ("id_objet", "id_liste") VALUES (27, 56);
INSERT INTO appartient_a ("id_objet", "id_liste") VALUES (22, 27);
INSERT INTO appartient_a ("id_objet", "id_liste") VALUES (36, 27);
INSERT INTO appartient_a ("id_objet", "id_liste") VALUES (11, 9);
INSERT INTO appartient_a ("id_objet", "id_liste") VALUES (32, 9);
INSERT INTO appartient_a ("id_objet", "id_liste") VALUES (20, 9);
INSERT INTO appartient_a ("id_objet", "id_liste") VALUES (38, 9);
INSERT INTO appartient_a ("id_objet", "id_liste") VALUES (13, 50);
INSERT INTO appartient_a ("id_objet", "id_liste") VALUES (39, 50);
INSERT INTO appartient_a ("id_objet", "id_liste") VALUES (45, 50);
INSERT INTO appartient_a ("id_objet", "id_liste") VALUES (9, 50);
INSERT INTO appartient_a ("id_objet", "id_liste") VALUES (2, 50);
INSERT INTO appartient_a ("id_objet", "id_liste") VALUES (44, 50);
INSERT INTO appartient_a ("id_objet", "id_liste") VALUES (28, 50);
INSERT INTO appartient_a ("id_objet", "id_liste") VALUES (46, 50);
INSERT INTO appartient_a ("id_objet", "id_liste") VALUES (50, 50);
INSERT INTO appartient_a ("id_objet", "id_liste") VALUES (18, 50);
INSERT INTO appartient_a ("id_objet", "id_liste") VALUES (34, 50);
INSERT INTO appartient_a ("id_objet", "id_liste") VALUES (14, 55);
INSERT INTO appartient_a ("id_objet", "id_liste") VALUES (27, 55);
INSERT INTO appartient_a ("id_objet", "id_liste") VALUES (29, 55);
INSERT INTO appartient_a ("id_objet", "id_liste") VALUES (31, 55);
INSERT INTO appartient_a ("id_objet", "id_liste") VALUES (33, 55);
INSERT INTO appartient_a ("id_objet", "id_liste") VALUES (37, 55);
INSERT INTO appartient_a ("id_objet", "id_liste") VALUES (43, 55);
INSERT INTO appartient_a ("id_objet", "id_liste") VALUES (47, 55);
INSERT INTO appartient_a ("id_objet", "id_liste") VALUES (49, 55);
INSERT INTO appartient_a ("id_objet", "id_liste") VALUES (23, 55);
INSERT INTO appartient_a ("id_objet", "id_liste") VALUES (30, 55);
INSERT INTO appartient_a ("id_objet", "id_liste") VALUES (40, 55);
INSERT INTO appartient_a ("id_objet", "id_liste") VALUES (26, 55);

-- Pour la requête 2

INSERT INTO utilisateur ("id_user", "nom", "prenom", "login", "email", "motdepasse", "date_inscript") VALUES (16, 'Test', 'Albert','Atest01', 'a01@test.xyz', 'a2KhzF6w', TO_DATE('2022-09-07', 'YYYY-MM-DD'));
INSERT INTO utilisateur ("id_user", "nom", "prenom", "login", "email", "motdepasse", "date_inscript") VALUES (17, 'Test', 'Anthony','Atest02', 'a02@test.xyz', 'a2KhzF6w', TO_DATE('2022-09-07', 'YYYY-MM-DD'));
INSERT INTO utilisateur ("id_user", "nom", "prenom", "login", "email", "motdepasse", "date_inscript") VALUES (18, 'Test', 'Alphonse','Atest03', 'a03@test.xyz', 'a2KhzF6w', TO_DATE('2022-09-07', 'YYYY-MM-DD'));
INSERT INTO utilisateur ("id_user", "nom", "prenom", "login", "email", "motdepasse", "date_inscript") VALUES (19, 'Test', 'Armand','Atest04', 'a04@test.xyz', 'a2KhzF6w', TO_DATE('2022-09-07', 'YYYY-MM-DD'));
INSERT INTO utilisateur ("id_user", "nom", "prenom", "login", "email", "motdepasse", "date_inscript") VALUES (20, 'Test', 'Alfred','Atest05', 'a05@test.xyz', 'a2KhzF6w', TO_DATE('2022-09-07', 'YYYY-MM-DD'));
INSERT INTO possede ("id_objet", "id_user") VALUES (29, 16);
INSERT INTO possede ("id_objet", "id_user") VALUES (29, 17);
INSERT INTO possede ("id_objet", "id_user") VALUES (29, 18);
INSERT INTO possede ("id_objet", "id_user") VALUES (29, 19);
INSERT INTO possede ("id_objet", "id_user") VALUES (29, 20);
INSERT INTO liste ("id_liste", "id_user", "nom_liste", "categorie_liste") VALUES (61, 16, 'Test', 'Jeux Vidéo');
INSERT INTO liste ("id_liste", "id_user", "nom_liste", "categorie_liste") VALUES (62, 17, 'Test', 'Jeux Vidéo');
INSERT INTO liste ("id_liste", "id_user", "nom_liste", "categorie_liste") VALUES (63, 18, 'Test', 'Jeux Vidéo');
INSERT INTO liste ("id_liste", "id_user", "nom_liste", "categorie_liste") VALUES (64, 19, 'Test', 'Jeux Vidéo');
INSERT INTO liste ("id_liste", "id_user", "nom_liste", "categorie_liste") VALUES (65, 20, 'Test', 'Jeux Vidéo');
INSERT INTO appartient_a ("id_objet", "id_liste") VALUES (48, 42);
INSERT INTO appartient_a ("id_objet", "id_liste") VALUES (48, 11);
INSERT INTO appartient_a ("id_objet", "id_liste") VALUES (48, 19);
INSERT INTO appartient_a ("id_objet", "id_liste") VALUES (48, 4);
INSERT INTO appartient_a ("id_objet", "id_liste") VALUES (48, 3);
INSERT INTO appartient_a ("id_objet", "id_liste") VALUES (48, 24);
INSERT INTO appartient_a ("id_objet", "id_liste") VALUES (48, 21);
INSERT INTO appartient_a ("id_objet", "id_liste") VALUES (48, 52);
INSERT INTO appartient_a ("id_objet", "id_liste") VALUES (48, 61);
INSERT INTO appartient_a ("id_objet", "id_liste") VALUES (48, 62);
INSERT INTO appartient_a ("id_objet", "id_liste") VALUES (48, 63);
INSERT INTO appartient_a ("id_objet", "id_liste") VALUES (48, 64);
INSERT INTO appartient_a ("id_objet", "id_liste") VALUES (48, 65);

-- Pour la requête 3

DELETE FROM avis WHERE "id_user" = 7 AND "note" < 8;
DELETE FROM avis WHERE "id_user" = 9 AND "note" < 8;

-- Pour la fonction 1
INSERT INTO possede ("id_objet", "id_user") VALUES (29, 16);
INSERT INTO possede ("id_objet", "id_user") VALUES (29, 17);
INSERT INTO possede ("id_objet", "id_user") VALUES (29, 18);
INSERT INTO possede ("id_objet", "id_user") VALUES (29, 19);
INSERT INTO possede ("id_objet", "id_user") VALUES (29, 20);
INSERT INTO avis ("id_objet", "id_user", "note") VALUES (29, 2, 15);
INSERT INTO avis ("id_objet", "id_user", "note") VALUES (29, 4, 6);
INSERT INTO avis ("id_objet", "id_user", "note") VALUES (29, 10, 8);
INSERT INTO avis ("id_objet", "id_user", "note") VALUES (29, 8, 10);
INSERT INTO avis ("id_objet", "id_user", "note") VALUES (29, 12, 12);
INSERT INTO avis ("id_objet", "id_user", "note") VALUES (29, 16, 20);
INSERT INTO avis ("id_objet", "id_user", "note") VALUES (29, 17, 13);
INSERT INTO avis ("id_objet", "id_user", "note") VALUES (29, 18, 14);
INSERT INTO avis ("id_objet", "id_user", "note") VALUES (29, 19, 2);
INSERT INTO avis ("id_objet", "id_user", "note") VALUES (29, 20, 15);

-- Pour le déclencheur 1
INSERT INTO utilisateur ("id_user", "nom", "prenom", "login", "email", "motdepasse", "date_inscript") VALUES (21, 'Nouveauté', 'Xyz','Xnouveau01', 'nouv@test.xyz', 'a2KhzF6w', TO_DATE('2022-09-07', 'YYYY-MM-DD'));
